,종목코드,코스피 일일변동 평균,코스피 샤프지수
0,095570,0.2100438266457417,20.39228016727055
1,006840,0.2029653326104446,16.470180698138567
2,027410,0.2948366288108614,34.73847221578985
3,282330,0.1020541356146006,9.463181184264396
4,138930,0.1933879489263016,27.247812941041666
5,001460,0.260026831064065,45.57573162036544
6,001465,0.2075948518026188,31.119870753696667
7,001040,0.1807635750382391,21.02853140622091
8,079160,0.2728057429435535,18.916207376085737
9,00104K,0.2481877511950058,38.20172758213651
10,000120,0.1440434788958315,19.32673084141619
11,011150,0.2554660756495641,4.68735072305373
12,011155,0.178611568727989,0.0284497846965476
13,001045,0.2496258090832193,35.07020185106626
14,097950,0.289312706221811,38.49725397258687
15,097955,0.3202881791537654,48.57284095547642
16,000590,0.2478098108674515,14.060042269491674
17,012030,0.1969479165749534,26.583021628694812
18,016610,0.3124908096092449,44.99288767169735
19,005830,0.1524626887663154,19.35286561719654
20,000990,0.4451421570303656,49.648820281067145
21,000995,0.6412982914523205,25.21189220472486
22,139130,0.2721364581435398,40.99171009701901
23,001530,0.5509791695944891,61.54516347139047
24,000210,0.1652866229442884,8.235679322680928
25,000215,0.2151964540598505,15.314914463783998
26,375500,0.93964318032473,
27,37550K,-0.9642425687315264,
28,004840,0.366890317963515,21.67955545607411
29,155660,0.3220536217324727,21.39779623497444
30,069730,0.275713414261986,30.46120652544563
31,017940,0.2007481372296357,27.513254565358796
32,365550,-1.114971303772473,
33,007700,0.1754847153340064,13.209850173706732
34,114090,0.1178657369047926,11.741366957684676
35,078930,0.0466613431839916,4.486988253641992
36,006360,0.335430866009978,47.08967570828838
37,001250,0.3175420966171194,36.350778137958244
38,007070,0.1103491595007678,13.654515561459462
39,078935,0.0718345210910575,15.572268244435651
40,012630,0.1964376700460832,19.339934235270338
41,039570,0.1794854803395664,22.897688765229635
42,089470,0.3777628781165854,36.70265069196719
43,294870,0.302264439018955,28.795292560598117
44,011200,0.9911957212596187,204.45205697059816
45,082740,0.6078278695126377,65.81989713174933
46,003560,0.2391256473800491,23.8519489265152
47,175330,0.1699935296204737,27.355222219885384
48,234080,0.1512368005005524,13.03941236167718
49,001060,0.0303495712002199,0.4251042981486354
50,001067,0.4661656603809901,10.948505757926823
51,001065,0.3326880676063978,5.307368689594415
52,096760,0.0104172500200613,-1.5968514766834787
53,105560,0.2271669095108626,31.637295313983174
54,002380,0.2798221332474085,32.697700424864806
55,009070,0.6383627124473462,41.311608593622225
56,009440,0.1792206268300177,15.442433763614458
57,119650,0.5194958557755002,34.923873655952995
58,092220,0.6730866843693544,45.08317291255397
59,016380,0.4569882690741494,23.88981663842366
60,016385,,
61,001390,0.431862145470149,45.89486994018932
62,001940,0.2467344673407324,52.244070413249744
63,025000,0.1783757209835592,23.606115201268786
64,092230,0.2486854614297017,12.185227255131158
65,000040,0.4633960687986752,21.853372278447324
66,044450,0.2233630659587234,31.77297601895177
67,030200,0.1546077183047223,30.068330113004624
68,033780,0.0451986236211043,9.49293875619334
69,030210,0.3940340848742567,49.04679964788637
70,058850,0.3003977864977601,31.11571097013899
71,058860,0.3033116384763212,38.279897727686844
72,093050,0.1986194888228556,22.34673046837126
73,003550,0.2110651131318318,22.396682183148506
74,034220,0.3268015783379548,42.73032619227429
75,001120,0.5655462770352356,73.53676030868311
76,051900,0.1573962642607412,22.60168009220209
77,051905,0.0396132151831714,6.470350076384958
78,003555,0.2816401454233103,35.42098960980266
79,032640,0.0681783179149989,8.153556862243887
80,011070,0.2868027930856133,28.560429388494327
81,066570,0.5210463629694996,59.68744228958609
82,066575,0.6389192670235495,72.75828927490343
83,108670,0.3992005209886349,47.798638639896886
84,108675,0.4329883266607123,45.28920555854814
85,037560,0.2126971965320116,28.52221411982926
86,051910,0.444568403721341,55.15646061656028
87,051915,0.4478042177997985,49.50148534301371
88,079550,0.3367189081217959,37.818074487328666
89,006260,0.4048959261542207,38.66025407377135
90,010120,0.2747637297590949,25.005234594689316
91,000680,0.3534274504792007,21.289598318177482
92,229640,0.0713399832826677,10.869240119276371
93,023150,0.0815867094282092,1.717932125914624
94,035420,0.3542088318067103,52.91277894116155
95,181710,0.0407216081793487,2.6592723530716755
96,005940,0.1304541507822491,16.69810566203306
97,005945,0.1194479138993414,25.944565326876805
98,338100,-0.0338831440288682,-13.222126412619915
99,034310,-0.0129992678175868,-3.0195239866257864
100,008260,0.4298990633063446,48.02912502315044
101,004250,0.1634574251698002,22.683778893923588
102,004255,0.1246356192212498,16.57986940455236
103,010060,0.6040946057812523,58.857602211258026
104,005490,0.3062068226408135,45.52612626641047
105,010950,0.1814342304082172,16.52094059475553
106,010955,0.1701365264707812,19.560884086967313
107,034120,0.1597299597179689,13.009317980548072
108,101060,,
109,005090,0.2147663326736083,16.240735899584045
110,004060,0.1852245294172314,13.493667443176184
111,001380,0.5908191977691334,56.562175948615675
112,002360,0.1667569824090397,10.246872391821366
113,009160,0.1743090136800122,27.341287139128383
114,123700,0.2950211685420911,37.29103676229884
115,025530,0.1877670021954667,36.91228871497463
116,034730,0.2579551124237811,24.194793362028758
117,011790,0.5549435079209376,75.64513075580759
118,018670,0.2480176214811996,24.69710965036925
119,001740,0.1120032027709054,9.898424135594034
120,001745,0.3936445658734074,8.000539082905204
121,006120,0.5321706644527454,42.451878330656925
122,006125,0.6828214546488368,32.49208379797726
123,210980,0.2322604114167135,15.536484450594847
124,068400,0.1828328657282323,23.142500669859405
125,302440,144.7108114254919,
126,326030,-0.0033986237579253,
127,03473K,0.4471757543659922,18.416963734958568
128,096770,0.4523862843660949,41.108255046770466
129,096775,0.4742569669683008,33.65774835439901
130,001510,0.2901574050755217,19.501368897077064
131,001515,0.5569742864070671,22.942754367257475
132,285130,0.5661473556412232,40.40331082990808
133,28513K,0.7710679296405032,44.05875226707154
134,017670,0.1960575794043944,30.43963935379018
135,000660,0.2170015423348241,28.45674726266286
136,064960,0.3870498479257657,34.91017362565359
137,100840,0.1310536658162468,21.178234567304067
138,003570,0.1409167879418773,18.96484062931143
139,036530,0.16087202175781,26.53052255229612
140,005610,0.0904089342669026,8.962901919999583
141,011810,0.1768994279168718,5.829373384656646
142,077970,0.3146711659993758,22.13357475475542
143,071970,0.4938827603710779,32.68741991812037
144,084870,0.2495732731680454,12.021404491191987
145,002710,0.5925413174977915,43.14270435199955
146,024070,0.3133569761180681,26.141393956085228
147,037270,0.8657936417454297,85.36375840469474
148,000500,0.3525846851938507,37.50607727585381
149,000860,0.3267838472544487,56.970341676318505
150,035250,0.1257041769213913,16.0486192508541
151,011420,0.2658154262079721,22.86024547184386
152,002100,0.1959503954052537,11.80813844379296
153,009450,0.2287354106313217,29.88838783963365
154,267290,0.1191286610962671,14.615500807972186
155,012320,0.238408198864412,39.53446588135885
156,000050,0.2722592032225261,18.307817076035004
157,214390,0.3376231464035777,18.38247547461926
158,012610,0.1427868789636401,11.135314639209716
159,009140,0.312688953449413,21.81235808536813
160,013580,0.4250193908515008,41.290202326987036
161,012200,0.3445055765259464,26.541910560167754
162,012205,0.1220915417603596,6.698043727577482
163,002140,0.4012201096905359,25.07038059646447
164,010130,0.0783830226679053,8.037415835942092
165,002240,0.2858314513121809,18.01156195500249
166,009290,0.2293250033375725,14.105301590156037
167,017040,0.2255825298347155,26.08791394730774
168,017900,0.2473138738230722,19.990121844171675
169,037710,0.111395216200395,16.145670930020593
170,030610,0.1346865037138058,19.23669642880668
171,339770,2.565756532288144,
172,007690,0.261254062460082,33.541989702655606
173,005320,0.511453861296745,23.705293044931093
174,001140,0.2428898742879992,9.472896981383363
175,002720,0.2467700086611879,5.989099180232368
176,083420,0.7386765599969315,82.66414085892252
177,014530,0.3822553062442916,36.836999189638746
178,014280,0.3923379996183407,52.81851363044917
179,014285,0.4017781244128391,11.217968414779872
180,008870,0.2122606728612647,14.368770087297863
181,001570,0.4136293374939263,21.99050812641647
182,002990,0.2251194039639437,17.419240799331416
183,002995,0.2328688503811669,6.113112646088009
184,011780,0.6576190135232576,79.45611891579436
185,011785,0.7391565278635989,92.51439273052284
186,214330,0.4283279455118587,-5.337092844410701
187,001210,0.1027747439402932,3.554351056105351
188,073240,0.1209142164867134,9.24299369517311
189,092440,0.3329097828657741,41.69344100249282
190,000270,0.5247123227632431,68.55367111274734
191,024110,0.0980442991454402,14.651316295204099
192,013700,0.4125897830631448,24.67925017034249
193,004540,0.474643285835012,30.282468799594877
194,004545,0.4863112701374916,22.382121084584725
195,001260,0.2718887280814168,13.801588332324513
196,008350,-0.0354509370537796,-6.228243130014096
197,008355,0.1727051160575271,0.4340566297312802
198,004270,0.3543534774120931,18.536408472143133
199,003920,0.0260743294151903,0.21149777151201113
200,003925,0.4183880262975158,17.301377736039658
201,025860,0.1258016175029928,15.774976508722816
202,005720,0.1175431330918977,16.357584468710865
203,005725,0.1688651019516331,6.642062302177946
204,002350,0.229114571341253,24.381853946898786
205,002355,0.1868372587762957,32.749503838942424
206,003580,0.1555438841992978,7.192165078864691
207,251270,0.1702893332231565,13.152872545161395
208,090350,0.2565522361574718,39.22722621837145
209,090355,0.1460268378219668,7.4253195893286295
210,000320,0.2155224348681848,43.58670186871299
211,000325,0.0782412564967207,5.467869416689717
212,006280,0.4900141580265772,33.29198061442712
213,005250,0.3271963649575258,13.938516481933203
214,005257,1.1238084128530812,46.97154445291086
215,004370,0.0043539268691716,-2.118258355926405
216,072710,0.0399947438699088,5.068302949570223
217,058730,0.044598194112925,1.1636368511324249
218,023590,0.2897852754104325,27.774766019349883
219,019680,-0.1086609815994195,-6.263123297790231
220,019685,0.0395560251423096,6.188184957107507
221,006370,0.318470301771633,36.00494309485586
222,008060,-0.0056981506760831,-3.3602636790457807
223,00806K,0.2432312599154261,11.326938220795544
224,353200,0.3622258853653812,
225,35320K,-0.0184830958635929,
226,000490,0.4117433508049529,51.073859278595
227,008110,0.2959737140487366,22.72818184228772
228,005750,0.3745984474926264,60.13047336624143
229,001880,0.3934562467225995,46.984754180216285
230,006570,0.0922071218302442,2.2576990154140377
231,001680,0.1816651499242546,20.80413755331194
232,001685,0.219309453745692,29.84738470801621
233,084690,0.3323411247807392,37.06115129573478
234,084695,0.2248679559913696,32.016040459593924
235,128820,0.2372783928856255,24.61862200118687
236,117580,0.0933138215611206,26.282890514682986
237,016710,0.5000934707998219,119.2801526282293
238,003540,0.2817795477955285,43.90565963457431
239,003547,0.2609319412365301,53.63657768164609
240,003545,0.2623172345238051,48.42462226016333
241,009190,0.3948588813821944,19.678794215068198
242,014160,0.6380125900975491,39.259055877086446
243,047040,0.369371634250388,48.7708244561412
244,009320,0.1838056263430944,13.27584125689181
245,042660,0.3489581560737024,36.98325341901694
246,003090,0.6561855745090576,27.88163259062468
247,069620,0.3388880042081006,10.30745109461369
248,000430,0.2249080790705235,27.370525038879123
249,006340,0.3040469118020425,25.605082838252898
250,006345,0.1207370488807344,-0.559444994382021
251,003220,0.1281590328604025,4.717504178611208
252,024890,0.4604820538429563,49.388241654003295
253,002880,0.2508137923476725,16.422903515419353
254,000300,0.1612858666527482,8.466073844001963
255,012800,0.3194837388476803,27.4313319773933
256,015230,0.341143924389142,-24.398124360570066
257,001070,0.3236261755266635,83.27478607953383
258,006650,0.6158713885598448,63.67821129453315
259,001440,0.4420598880406153,27.934346110245137
260,084010,0.548192162024205,75.16693286359586
261,001790,0.2913943504245901,44.81588586602779
262,001795,0.378198127421216,61.09700768363585
263,001130,0.1340778855784323,7.654793020572559
264,003490,0.3692916117016768,15.080257065232884
265,003495,0.689925459238486,26.142967272067377
266,005880,0.4688629143271449,-17.278808565538338
267,003830,0.2967553027263526,43.719668359912305
268,016090,0.1533600183734496,18.15480298969798
269,069460,0.1633730417158608,8.50018011874569
270,192080,0.2217213655150431,15.293380582382635
271,012510,0.1166777041223302,7.718373398889359
272,004830,1.198829464429894,159.39726123139712
273,004835,0.7063966208218462,33.162650237879824
274,024900,0.6578001336616012,52.4847431088345
275,145720,0.2959215040732914,34.885817615077606
276,002150,0.0954025852786564,12.094368303360504
277,001230,0.6063845693097628,72.38046092935046
278,023450,0.3116910730045968,48.9141086959245
279,004140,0.7122935277042394,45.24734708258608
280,007590,0.111962357317411,19.131915706960765
281,005960,0.2865612070803282,41.70820937394495
282,005965,0.2198859932081762,8.218038647923287
283,026960,0.3312594169967763,35.23335241506744
284,002210,0.0957270009188061,3.9867000641026746
285,102260,0.2848593079615903,54.102169678258186
286,005190,,
287,000640,0.1546587324950768,10.545398751903804
288,170900,0.0329835025436965,2.3099413832717683
289,028100,0.1688180481547828,15.631586259726522
290,282690,0.0549785158916708,8.748042284328019
291,001520,0.1747580704659238,6.702298711023995
292,001527,0.3288763042016621,8.196756456565028
293,001529,,
294,084670,0.0008509466722398,-3.1178697204848915
295,002900,0.3059671066701356,30.193116054806154
296,082640,0.269958760303885,33.898945743146015
297,001525,0.2696307998978079,8.179402433273724
298,008970,0.1821866367803361,23.558058435980886
299,092780,0.2915899677842344,22.15018157329058
300,049770,0.0731034932847689,5.893972073909484
301,018500,0.4270257746642243,36.87486545230138
302,006040,0.1856033833626944,17.720941467601506
303,030720,0.1092476105698429,5.360497485902598
304,014820,0.4413313546193414,37.03547377881552
305,014825,0.2773542013295237,18.536575314244633
306,163560,0.4380039507322995,23.72449464020441
307,004890,0.2273507732200398,90.54848097487722
308,002690,0.3820646218074044,40.62796223080909
309,000020,0.4480716446586049,21.871310605149727
310,000150,0.2329605922408233,10.898281014977938
311,000157,0.4644835974289034,11.491188421981498
312,241560,0.4091726474268344,27.724104819614453
313,000155,0.1413129894823199,5.667006347585632
314,042670,0.6098738081041003,50.04320457198771
315,034020,0.6842011638237816,55.003984815528426
316,336260,1.11338618621716,142.67993605795138
317,33626K,0.947331597347187,72.08734327701265
318,33626L,0.6437906016886116,26.82259890788067
319,016740,0.4145156994876205,33.08478685044902
320,192650,0.4415111151829541,18.580928030048362
321,024090,0.2286131180145683,46.862747395925894
322,003160,0.4847003971921587,58.999170892886575
323,092200,0.5490760666878355,30.47173818684005
324,013570,0.2337152440874698,20.9342104067389
325,210540,0.5367467688940343,55.85237076865979
326,007340,0.0989879754871857,13.6588207199563
327,026890,0.4275916423324467,18.248050260633494
328,115390,0.2240322243716741,27.12099394622394
329,032350,0.3614562745302366,41.30010266356524
330,330590,0.0275832980064353,2.9803969715772283
331,000400,0.1706727362255466,17.740939129544966
332,023530,0.2451304413537959,28.82154532798262
333,004000,0.3041932676481119,32.22839830840758
334,286940,0.1634802765724856,21.649800776375468
335,280360,0.1157362316280137,11.129369231448358
336,004990,0.1797912724914358,15.961251079200345
337,00499K,0.2206371907269647,11.486398284671742
338,005300,0.2149009484907467,25.751880135413153
339,005305,0.2336919512940452,22.28348066481751
340,011170,0.2280484642446469,20.48764569244251
341,002270,,
342,071840,0.4440674571469842,50.4755777369605
343,027740,0.0486156855266852,-1.9705296478428864
344,204320,0.5400178417566874,56.11558899554491
345,001080,0.2821822008465376,29.439248236526904
346,088980,0.0312455849623656,10.823826465481945
347,094800,0.0329906059777326,13.105348467579455
348,138040,0.2243886217616924,38.92225889109946
349,008560,0.2226970614347414,32.16034507733832
350,000060,0.2101356761017587,28.33529887075286
351,090370,0.1836214544516374,9.017961577305293
352,017180,0.153404897022434,0.9792668176797328
353,009900,3.769659334939111,
354,012690,0.0266154749173406,-1.502219179501015
355,005360,0.3686396069887527,20.8951393008821
356,204210,0.1161556676906634,14.067496541031382
357,009680,0.3520426809554538,23.06364735226487
358,009580,0.241064147452035,31.97012712177385
359,009200,0.2033626448270414,23.212001509189065
360,033920,0.1711521742754967,16.529141929688087
361,008420,0.4536708484197663,36.64703224682121
362,025560,-0.162433917744298,1007.9338681663663
363,007120,0.2111917967587044,11.325372932215839
364,006800,0.2857104865420642,40.302449874076785
365,00680K,0.1883707240738511,32.3860946831627
366,006805,0.2069822176041131,25.089853053198627
367,357250,4.6916288070564445,
368,085620,0.1538166073367266,15.323044268697856
369,002840,0.5103854796424812,104.13483104283465
370,268280,0.3683605288914,50.2826693801988
371,107590,0.4560495595942063,61.300544200179694
372,134380,0.3225267978199327,60.56781802001201
373,003650,0.1807355116546401,23.209122254941956
374,155900,-0.0047478921365432,-4.195631985129861
375,003610,0.1719993577108163,18.73429105608637
376,001340,0.3614162858096496,23.565811292075935
377,035150,0.3057914722213289,29.39338242040282
378,002410,0.2165251984402671,8.212241804252951
379,096300,-0.0678977710749626,-12.071249747931935
380,007210,0.4487579493262885,42.90314252136193
381,002760,0.2205613886348378,12.605448253307486
382,003850,0.3259265263968096,21.063893538259187
383,000890,0.2053878689183106,18.206515690385128
384,003000,0.130215382683074,-0.15081130060640976
385,001270,0.147439126396106,32.134932206101396
386,001275,0.1320565877366028,32.807662502424044
387,026940,0.070145725025123,2.979944210107706
388,015350,,
389,011390,0.1328060388970333,7.846965916300282
390,005030,0.4024709736121734,23.539528577388847
391,002070,0.0846023306984614,62.3906711791022
392,100220,-0.0731313243882293,-3.0998503428681965
393,030790,0.6358454345516836,36.99671657334739
394,352820,2.557604587236985,
395,005180,0.1163679881523381,-2.1295355505359357
396,003960,0.1862437623012972,19.875845334868902
397,008040,0.2799382107054227,28.043253445837085
398,007160,0.3644264059198834,27.69109026119587
399,014710,0.3282869946914455,11.040415792234418
400,006090,0.3006236431667542,14.8447297893517
401,001470,0.8673722049771021,111.96276931809476
402,006400,0.4502643865142948,65.43298620401143
403,006405,0.5623822051216838,63.986317999845404
404,006660,0.2681204757214429,29.07460958825777
405,028260,0.1653296755386669,17.994518189170297
406,02826K,0.3103237597159002,25.017199456045134
407,207940,0.2100780454927771,25.31910397487911
408,032830,0.2847444073043011,30.63834129255415
409,018260,0.1325493955207167,15.238647401326915
410,028050,0.1630494009520852,15.93403034604816
411,009150,0.2909601401182876,41.868278960863464
412,009155,0.4302381108854354,62.21059544934168
413,005930,0.2333921389201348,42.20655418028719
414,005935,0.2552747961143225,56.69913221263894
415,001360,0.2382198171533755,7.226109321832834
416,010140,0.3293748629278097,31.896050095049077
417,010145,1.2403361556617023,82.47063248845768
418,016360,0.1458508967266113,19.287121253362912
419,068290,0.4334647364020572,24.11669763827611
420,029780,0.0718517277661842,13.025339887165234
421,000810,0.1102024935321141,11.393086859396288
422,000815,0.1244715398493986,19.348240128834952
423,006110,0.5745901916897765,31.80644136791872
424,145990,0.3130313346206989,24.648099443165552
425,145995,0.3549508103513992,20.5475226961239
426,003230,0.001999798711539,-3.071664917705906
427,002170,0.1925541700317377,32.708015305080686
428,272550,0.2601077524010436,38.605641202526485
429,000070,0.3872459373610103,37.74151624098063
430,000075,0.3452310943347294,25.218637519664288
431,002810,0.0823606555645841,13.657231630739377
432,005680,0.2095745134166226,25.86506438303499
433,003720,0.498255227495173,54.257672400003145
434,023000,0.3052515784137774,30.85122193650743
435,004380,0.1590861195920238,16.81754389375775
436,002450,0.1103330392284052,15.020346050333805
437,004440,0.5971786947151021,64.15802312201117
438,000520,0.1020892810846623,7.201133763812829
439,009770,0.1173833132756565,19.2489188387057
440,005500,0.0559329224004398,7.80884821037664
441,004690,0.0701830381583394,12.751790405325739
442,010960,0.1473914164610263,15.447336023326237
443,004450,0.0143835079367364,-0.04413054546451251
444,009470,0.3943494389485641,36.29661584091453
445,011230,0.3623829244708412,34.12997496857852
446,001820,0.242857823472148,29.084129713107675
447,000390,0.5227535791543457,34.42922140583494
448,001290,0.0515864549887739,4.102934248243298
449,041650,0.2918027412843955,18.300764458204632
450,075180,0.2456970492649194,34.25744861349214
451,007540,0.2884124192856889,21.59778697275759
452,248170,0.3289368472419579,27.65658365124639
453,007860,1.0583469341971457,95.6630288360088
454,200880,0.6525006002553079,54.70847463109737
455,017390,0.1846310605944013,15.631430801626221
456,004410,0.5715890135699043,21.830043729990724
457,004415,0.417318078044563,7.554763959011428
458,021050,-0.0191404854652455,-4.64774351061405
459,008490,0.1721552596384805,19.518337815890842
460,007610,0.2076178603630524,24.533866310929042
461,136490,0.4494618941228515,56.66274891493445
462,002820,0.2402633221448566,36.55886309436077
463,014910,0.1482799893623052,15.25303761375426
464,014915,-0.049139703194944,-6.13185872354475
465,003080,0.2526225852530421,25.38378832404206
466,004980,0.3226194767184746,30.55452027551442
467,004985,0.5399839786973774,18.505844740961965
468,011300,0.4763737599514446,20.335096572167885
469,000180,0.3026812758841156,29.90744371237394
470,002420,0.1447139607365263,9.277934369081711
471,004360,0.2510179709980318,28.835975516199344
472,004365,0.2102331695489979,18.22630840509066
473,004490,0.5378451360774835,45.78896529187297
474,001430,0.4242903493806802,42.29290485943817
475,306200,0.4582660985508017,51.27921347892823
476,003030,0.3571958330889644,55.20565411304116
477,019440,0.1744529660912506,30.744027599776125
478,058650,0.2111150451168314,44.39735894053495
479,013000,0.2651883884189371,13.488913035678516
480,091090,0.0387751844315505,-2.037471747122527
481,021820,0.0,-inf
482,067830,0.2471867749233724,27.860801683161707
483,033530,0.5458516287802588,45.918891867245485
484,075580,0.6537618475566409,28.875933310941445
485,027970,0.1373212355077956,2.7713763308198884
486,145210,-0.3282445078464221,-21.132126251645378
487,308170,0.1656965960562771,3.044666493186675
488,012600,0.4200991039040664,8.102030959156249
489,068270,0.1998125417438483,19.705410272577957
490,336370,0.4684917284047691,33.7048356125034
491,33637K,0.4315909708245937,18.493101829576325
492,33637L,0.284032164289358,6.608482228052152
493,248070,0.3826415192539675,
494,004430,0.37703332720767,34.87378446674903
495,017550,0.6441957206428588,55.38145376327923
496,053210,0.1681729530118632,17.650656332194615
497,134790,0.2821170174428321,28.480771736723064
498,016590,0.2048402992268754,25.755967344642723
499,029530,0.1426533216198995,15.975019536999675
500,004970,0.077183174515986,14.617859424211504
501,011930,0.669253780977096,51.50374320277091
502,005390,0.3344657369056765,17.445550559507268
503,004170,0.1302584716666703,14.304745779117619
504,035510,0.2307817998815024,19.226189834740733
505,034300,0.4642787254524889,41.430542664736784
506,031430,0.0603996565519866,4.000537755704478
507,031440,0.2029721957779365,26.53201954864211
508,006880,0.2038989437894332,26.440166888780066
509,005800,0.148108806817838,19.702582968343336
510,001720,0.094722959816994,19.445861220627293
511,001725,0.0885436961091376,22.110341990260192
512,009270,0.0569677269910407,3.78351842058366
513,009275,,
514,002700,0.1538834814543161,17.931444063214926
515,019170,1.0572277137430532,71.81064267857408
516,019175,1.0310969529881877,46.071068145584015
517,002870,0.7400114452534104,49.57437257277624
518,293940,0.0458008501211914,11.639033080502953
519,055550,0.1348040729963713,17.230394115620516
520,001770,0.2104770532194592,13.373569264137235
521,004080,0.154455342391246,9.219491739104175
522,102280,-0.002851967623398,-10.158811302560167
523,003410,0.1965602338363517,39.24612929763419
524,003620,0.4309823123286558,16.07203891764073
525,004770,0.0445291294577393,-0.2371400736859078
526,015540,0.2062250514213975,1.9423672590981524
527,004920,0.1587252675299505,8.88535550230756
528,112610,0.8133978290939661,43.05965614488779
529,008700,0.4429019316999888,26.997911482513206
530,002790,0.0924367603926018,11.469527601530876
531,00279K,0.0791744014131387,13.61525026506146
532,002795,0.1273346231612544,7.665026043597167
533,090430,0.2043675896414987,25.361472491315677
534,090435,0.1806320392601486,15.17475874106188
535,002030,0.2094788197924126,36.475791709880674
536,183190,0.3978271077198252,60.22628639780716
537,002310,0.2745049727226275,29.222507152629433
538,267850,0.3806427135567021,18.327075828776074
539,020560,0.08759717639896,91.74984140843263
540,122900,0.0175594717945132,-0.23512616584317958
541,010780,0.4158968814836443,58.20990716338836
542,001780,0.5810561121217185,39.0707945919775
543,018250,0.0449042290454073,4.315768329709556
544,161000,0.3215019554878527,36.51989842609299
545,011090,0.5503547978422694,43.31507444741016
546,005850,0.3661502093886439,19.944778853718883
547,012750,0.023835648996348,3.9438565616154375
548,023960,0.7928203900763303,56.6928550083353
549,298690,0.1945063365971097,5.471463366780849
550,140910,0.2154089518899146,29.115225104608573
551,078520,-0.0033840047813256,-2.774873943252391
552,015260,0.0674892223339513,132.28337476139325
553,007460,0.1094858857142411,1.7204572489961982
554,003060,-0.04733957061114,-6.020967061710866
555,244920,5.890592834509217,
556,036570,0.1518800186801579,15.566822526895212
557,138250,,
558,085310,0.3062720144014477,23.695697441086413
559,009810,-0.1526657537352506,3.0431016760988325
560,900140,0.1152855744367368,0.04719049714633566
561,014440,0.3056907832964634,27.350211469451885
562,111770,0.2796750500146037,28.248914431503717
563,009970,0.128191283364389,16.33468820779752
564,003520,0.1789050407833964,7.2464811650385155
565,000670,0.0981833356762052,13.684186216081175
566,006740,0.5100437724217911,29.492483858377522
567,012280,0.3496307186400541,17.232726200955785
568,012160,0.1988589031651187,13.908824011863834
569,015360,0.0646484403713327,10.597082239636103
570,007310,0.0857955409261429,12.513916580657694
571,002630,0.5734668146147547,30.953868938025717
572,271560,0.0830729603220599,7.357662982051993
573,001800,0.0829414379739275,12.375029212594432
574,070960,0.1406417622840426,11.119568944754427
575,316140,0.1314315906637659,19.67389453867102
576,033660,,
577,004720,0.3482430056997775,1.6423163568072143
578,118000,0.2019755758890653,-1.8989105557687684
579,010050,0.1897835425745497,21.42748679060332
580,006980,0.2691722536681082,19.089648585285136
581,017370,0.2497595659419791,17.479315590551508
582,105840,0.204830470449614,16.709102091038808
583,010400,0.1294042997670662,18.38718886276254
584,049800,0.4121931489367402,55.015739808084426
585,016880,0.4832413837690851,53.08417236367775
586,095720,0.1598395860996868,15.549617597848583
587,005820,0.2130265583777087,23.853346911915995
588,010600,0.2010687757746108,10.288203734989235
589,008600,0.2437988684101502,20.573754263265997
590,033270,0.5952695439524015,26.93889999060778
591,014830,0.2997508102507787,48.22373664145686
592,000910,0.7224411849232095,47.069639310829125
593,047400,0.5493865183748603,31.446636034234853
594,011330,0.1341086178536299,12.557054736552512
595,077500,0.4511455370748454,35.43576690765423
596,002920,0.1826953621047084,14.054095659476417
597,000700,0.0821802032897041,9.818649996078856
598,003470,0.2652211529991143,32.72115314738481
599,003475,0.3886389506764186,34.26607210780149
600,011690,0.0,inf
601,072130,0.203446032653651,10.074626300655721
602,000220,0.3101806619832787,-2.7389826610900276
603,000225,0.5820120815219177,5.2516664851217145
604,000227,0.6012455830519754,5.103975536261104
605,001200,0.3938087850544363,35.669444261035586
606,000100,0.1786976458290964,-28.8297619048628
607,000105,0.2032096756957781,-22.778041879952486
608,003460,0.0831659495739039,-46.915883556938375
609,003465,0.0811037259265127,-38.75836898415031
610,008730,0.2576331878146557,19.686153212157404
611,008250,0.367792339609923,33.912840710166584
612,025820,0.4708860246330454,45.61801772291138
613,214320,0.0911055115605953,9.05666675551774
614,088260,0.0505329084708433,14.419554188975487
615,139480,0.2215202829274213,27.12776776976795
616,007660,0.1290535216947809,8.15120284982386
617,005950,0.3425121628406065,15.207724305443387
618,015020,0.5057887574123853,35.005773945783986
619,093230,0.5175884878656671,17.68154474365763
620,074610,0.0946861776932332,1.9779164136794178
621,102460,0.2768159108897297,13.864882990196337
622,084680,-0.023085683111641,-3.7647723439652685
623,350520,0.2497695944908577,
624,334890,0.0058303092969774,
625,000760,0.3109305314658874,37.12970589131973
626,014990,0.0255533878445441,-0.9128507300449253
627,101140,0.18881743716632,6.434827994208799
628,006490,0.1748272322129659,9.007054187009837
629,023800,0.7374839463630622,71.25275389201195
630,034590,0.0420505815250408,13.411743907480542
631,129260,0.6462959661494635,47.01823505833431
632,023810,0.3778969832828244,44.82033452290826
633,249420,0.1368205925744427,8.793683181667312
634,000230,0.2839104255519972,35.91182620915858
635,013360,0.2734377834193111,24.630428132180473
636,003120,0.013273840890261,4.480630605647769e-06
637,003200,0.3140094966621314,48.53863265893641
638,007110,0.0860593224445685,3.317943199704845
639,007570,0.0935639909538567,-0.8281010387746714
640,007575,0.5500429061465182,6.273430730188236
641,008500,0.3101591106061993,10.82120541930231
642,081000,0.4554876835696267,42.1934116158949
643,020760,0.3204231924884781,22.517210028032537
644,020150,0.3478096907008561,45.515581401658196
645,103590,0.3452819042321763,43.05585509380136
646,015860,0.3071529763467889,24.10770211502378
647,226320,0.4864297048417201,34.408714269082665
648,317400,0.508071236226951,70.81485565468962
649,033240,0.4975806050032543,48.29164458782523
650,000950,0.626349109246958,44.84743251077339
651,348950,-0.503371923857058,
652,194370,0.4699963980073094,65.40689953021567
653,025620,-0.0559045358489005,-7.192560432102118
654,036420,0.3272901902910083,28.214851957267083
655,030000,0.1445987697180805,16.746947787128146
656,271980,0.4173268987053078,11.383679830380485
657,001560,0.1942842501899104,24.658755140066674
658,002620,0.4241597698554107,14.949324661987786
659,006220,0.5404351175267559,56.15883773485514
660,089590,0.2057085191447929,13.998237451164927
661,004910,0.2326528787511704,27.211670410544215
662,004700,0.1894409732018928,8.969750189103875
663,001550,0.2901029876561528,16.012404980268748
664,000480,0.0675696673939732,12.399097939762715
665,120030,0.3224447351731723,14.703972782871988
666,018470,0.1326281779769682,8.500656505711817
667,002600,0.1537702779992946,20.63344955748574
668,185750,0.3328515721918937,13.898380797959396
669,063160,0.4440970332281515,17.02311385754799
670,001630,0.0588884148344565,-1.7288984034738828
671,044380,-0.0929497719281348,15.8270025806352
672,013890,0.1713891605075523,10.018903099896194
673,013870,0.4161755044472825,30.722761413788383
674,071320,0.1040841802011372,12.031616152201709
675,010580,0.0,-inf
676,035000,0.149425547176984,19.085371484315594
677,088790,0.5208076257176499,39.03150319136227
678,003780,0.486482294239357,40.800104825662466
679,010640,0.217866317412513,17.298690260522832
680,100250,0.1262665476773591,31.478573088025474
681,051630,0.421476605429506,24.227688489540547
682,272450,0.3433325822053713,26.525630220784944
683,011000,0.208908237456907,-1.8379188809336535
684,002780,0.3064886588047006,25.281532990781052
685,002787,-0.0150142421412157,-3.3463330517129135
686,002785,0.2998170711185658,7.505426500979879
687,009310,0.1772649570888757,14.612339685709255
688,000650,0.1441113156768803,10.022443012663343
689,033250,0.09054661353432,-2.8665531945566745
690,035720,0.5030371954664071,95.02422206851641
691,006380,0.2407663362473732,19.797712756896146
692,109070,0.0,-inf
693,001620,0.2588243129956212,28.960033661983033
694,029460,0.3452422934997822,44.15281057750908
695,344820,0.4608916134625507,52.05591470370214
696,281820,0.2237034025805022,20.970493270942928
697,145270,0.3327592297742354,28.95445539332499
698,357120,1.586750994730768,
699,007815,0.3300355001437089,33.4316443560796
700,007810,0.3001837000390204,21.151490877421278
701,00781K,0.2404578989562428,13.515552446605769
702,003690,0.0729919933141988,11.99040559734701
703,192820,0.2205921755260246,21.16275401544435
704,044820,0.2387998890770084,12.749186070186312
705,005070,0.4713174575273446,43.599617479541806
706,005420,0.3159042866768998,20.546319475430924
707,071950,0.0957344662933312,9.604937921977985
708,002020,0.3279279725839213,23.832686641473895
709,003070,0.5640861244922754,44.220234729146945
710,003075,0.4124698969226896,9.516241089171286
711,144620,,
712,002025,0.4070126304915236,23.68321715848136
713,120110,0.3306729142350503,34.79322139294572
714,120115,0.2893667346541155,24.751598330458414
715,138490,0.4125237662149038,36.98744161635163
716,021240,0.0797715292170318,7.269885621988864
717,031820,0.1995196016184118,9.986825408229814
718,192400,0.2366975514733546,36.86769055835796
719,284740,0.1490295369262507,11.990459193027684
720,015590,0.0665386985521267,-7.837761308147351
721,264900,0.1823918214525797,22.845153305900382
722,26490K,0.3754267018383427,17.74446357451191
723,005740,0.1095009197229821,12.500753893080002
724,005745,0.260641615442401,14.257230077418233
725,020120,0.5871685068465788,53.872698766391075
726,039490,0.2868200872114677,27.735939105554646
727,012170,0.0,inf
728,014580,0.2399770559431437,23.810093705778225
729,015890,0.3070165305226243,40.96682738085282
730,006890,0.5528327222795133,40.618948245580384
731,003240,0.1767911757464811,22.217011823449404
732,011280,0.2733519514706268,14.383166201130228
733,004100,0.2780809564303129,23.46141444151849
734,004105,0.1676292041814113,6.384946687112035
735,009410,0.3373985585965,3.188124573319268
736,009415,0.7401062188588006,17.884496380631365
737,001420,0.1428733894225899,18.94022191729336
738,007980,0.1834911661025814,11.054598090308128
739,055490,0.5954185691402625,74.19694494386937
740,078000,0.0089766224805059,-1.5876782649707941
741,214420,0.024167999305135,-0.8282380404964106
742,019180,0.1834359323325956,9.611610000299033
743,363280,6.392028853028461,
744,36328K,0.0692218065960086,
745,091810,0.2669286426457605,-1.52062041632679
746,004870,0.2292400163976672,17.418703421415774
747,005690,-0.0119250614012862,-3.2146619371186627
748,036580,0.3782901524043032,35.07770644947038
749,028670,0.3562419241411261,35.1776770782855
750,010820,0.3253257331700114,18.72641470246879
751,016800,0.0315103197649301,7.899380844477486
752,001020,0.4643970588518848,23.6924519235432
753,090080,0.0959868336838982,6.641850954495733
754,010770,0.2082575032435957,18.016961079123142
755,058430,0.5281061476999758,48.91891383019421
756,047050,0.2835239574679672,27.197705163212184
757,003670,0.5898033484709084,82.36932726488925
758,007630,,
759,017810,0.2819820537127953,30.217551050399383
760,103140,0.2972064857906759,32.672398945906494
761,005810,0.149595319693505,-2.512712822199612
762,950210,1.051299519111335,
763,033180,0.0413869039667469,-4.781039057109252
764,086790,0.2861894685447717,35.327204326084015
765,293480,0.1131178505318579,9.059137926625601
766,039130,0.2746804605440212,33.52100992227272
767,172580,,
768,153360,,
769,071090,0.3247244689407441,34.299597772306086
770,019490,0.7479401798058443,50.97040691660081
771,000080,0.1532530256294458,16.037969903902162
772,000087,0.1856553603647059,29.21339032779308
773,000140,0.2381125629824867,28.644722468111723
774,000145,0.1945425738414517,17.514123461202306
775,152550,-0.0045460961775913,-4.515805323259625
776,036460,0.21379741347535,23.41638409202904
777,005430,0.2397609053418073,19.154321778158874
778,071050,0.2673920390192638,28.848993627786484
779,071055,0.3522161454749444,40.098372451722604
780,010040,0.2231755396896468,21.396837746839495
781,025540,0.5107949596105918,49.021560886037534
782,004090,0.5384299512090631,53.383250632785824
783,002200,0.1879839406562346,28.313203829482156
784,002960,0.0171366109971018,2.253227053049626
785,000240,0.4065559271321348,25.743454753566706
786,123890,0.3763611082980945,66.44014524624023
787,015760,0.0998415733817582,9.273174137172592
788,006200,0.6558594321499188,35.4412315073254
789,009540,0.2541189288910486,26.30579368104673
790,023350,0.2881706292354586,26.94435492606388
791,025890,0.2334469177030102,16.790531088030864
792,000970,0.1331197753914372,16.132457905439075
793,104700,0.5090494240643234,110.14059957341833
794,017960,0.3664375248610304,41.49924160709558
795,161890,0.1951302323509375,26.267817071558966
796,024720,0.2433400947467066,18.873442290402465
797,161390,0.4333716318352516,48.27248776555761
798,034830,0.1711353769901228,26.903836349509874
799,007280,0.2323508799028373,19.200217694296715
800,168490,0.0050892921042553,0.7931068635080767
801,010100,0.4754229515964495,25.666451385204734
802,047810,0.2586192310377792,32.621742665141284
803,123690,0.0389512817389167,0.09237337822952499
804,003350,0.1920452793064769,12.544237793594194
805,011500,0.7103299647320738,55.33572729307374
806,002390,0.1342073734501645,10.883883790759144
807,014790,0.3791750560355054,52.57219316529147
808,060980,0.1993667694311812,18.167983840373513
809,053690,0.2405087346782227,17.834967529363514
810,042700,0.57173536036883,78.31055505177002
811,008930,0.4191804240624858,27.445691034717782
812,128940,0.1396093644364192,8.200653676734559
813,009240,0.3856255806428061,42.56134838958436
814,020000,0.3397702619387904,35.41341991120331
815,003680,0.4188226773609909,18.75826600783793
816,105630,0.3857300707817402,35.61789694308014
817,069640,0.1961639910065235,17.62007206397339
818,016450,0.2899296979907775,23.270271575367605
819,010420,0.2521119734338681,25.507268091715538
820,009180,0.5619907160490654,43.61448264809261
821,213500,0.1471299530878846,18.62119399060972
822,014680,0.4993420743999658,72.74152032769364
823,004710,0.3417812462071862,37.46782405636062
824,004150,0.1395208118196203,25.353125629409725
825,025750,0.5523219334097929,44.551221886182226
826,004960,0.2884427795423622,31.794735562458026
827,011700,0.306175094093734,37.47108403952429
828,001750,0.3258087268801036,54.60118985056031
829,001755,0.6460412440247433,25.317730529235945
830,018880,0.3312061130551214,32.85060303679802
831,009420,0.0522554841809811,0.09502467746592705
832,014130,0.2572510614723362,13.32901186431685
833,300720,0.439257702003983,69.71700069002198
834,002220,0.2568735313899198,38.25508757835927
835,006390,0.3151866865439989,30.910467876140164
836,003300,0.2792008703273335,-28.709105857758864
837,051600,0.0447678843146127,6.4341200092902975
838,052690,0.1843011976521622,22.554358143526006
839,130660,0.2300700447364209,27.38361171215118
840,002320,0.2174599605593483,9.445301523443568
841,097230,0.3030493142630265,18.453606414025966
842,003480,0.2031281940538188,11.887901460756233
843,180640,-0.0162035908700752,-7.100373677158842
844,18064K,-0.0330061684024316,-5.5141199087244805
845,005110,-0.0338081621901644,-9.820340131851763
846,009460,-0.1455589089969203,-12.055409928130585
847,000880,0.3490967283731603,33.20221403985565
848,00088K,0.1951886343279742,28.943723135037327
849,088350,0.4099944094485183,37.15784891920884
850,000370,0.4886534522672083,57.9917106375153
851,009830,0.620988013796216,76.57757891526181
852,009835,1.1165021615521569,82.8038714573409
853,272210,0.5202653406998624,56.75304348876904
854,012450,0.3262906215655289,33.90179286823277
855,000885,0.6168610475864548,19.450271124146155
856,003530,0.5200416905078298,57.606669053886016
857,003535,0.9353570455254152,66.19798382091845
858,195870,0.416092097641932,42.19264391357969
859,101530,0.1040860441638974,-3.930555126395689
860,143210,0.0869442974941515,5.458257305156195
861,000720,0.2212624295398914,28.918821789124564
862,267270,0.5898786668622062,66.52880093316314
863,000725,0.4056683810782138,12.745318079643498
864,005440,0.2151762207657442,25.889828123266522
865,086280,0.356668572959965,32.97023016537879
866,064350,0.2598459903657675,21.08170610354975
867,079430,0.4510841448888626,39.05336272944465
868,012330,0.2666828015031848,24.393016193650578
869,010620,0.4133385151034831,49.43303559561094
870,069960,0.1998152125555542,27.588265805726298
871,004560,0.5031091870488199,46.01047856393699
872,004565,0.4926056527950218,15.778829135660462
873,011760,0.2799696391462666,32.031996816523176
874,004310,0.3474409044244907,20.792183272888156
875,322000,0.3453316623335465,21.827543399705455
876,017800,0.1109951008735009,-5.944626026298881
877,307950,0.5986730257490447,77.04870621233638
878,011210,0.5158034155406059,45.09160297171677
879,267260,0.5537514515266305,55.40280472993272
880,004020,0.4514146222687553,57.21739754797437
881,267250,0.1889563053635943,19.678937619375706
882,005380,0.4109014375207665,50.558177781293324
883,005387,0.2597374035877508,26.665451053353134
884,005389,0.2800589028250109,34.746770653922475
885,005385,0.3051036930252155,34.9826879999367
886,001500,0.2792807467628927,40.28468859729025
887,227840,0.2867242388356577,36.469329955535564
888,126560,0.202341604930905,13.446802590662339
889,001450,0.057027100901466,6.735681472929651
890,057050,0.1577373904320853,19.77273824231502
891,093240,0.7469628592773383,67.34229223212326
892,003010,0.3721397528775563,32.73046637985467
893,111110,-0.0161187239065874,-3.956150313236408
894,008770,0.105041936919038,13.740312917252213
895,008775,0.3012519311721618,24.55128008425714
896,002460,0.2239996943100961,28.832502522239697
897,378850,-5.216287642888842,
898,241590,0.27561453002411,19.644195845494274
899,006060,0.0806662412835714,5.787737511909051
900,013520,0.3289184331543189,7.849042142086357
901,010690,0.5021587611396513,43.345313011331854
902,133820,0.3235971207177325,26.88185094594177
903,010660,0.1652857739023613,7.171112061320171
904,000850,0.0774357751407538,17.755082449078014
905,016580,0.1055139107159035,11.548340468270549
906,032560,0.3321222541255214,27.743692728759704
907,004800,0.1784136464184919,20.35836183255075
908,094280,0.2226345416611661,21.623614134359475
909,298040,0.8291153790853568,112.34942729075156
910,298050,0.8152211046153112,138.29454814940723
911,298020,0.7399561417156082,118.09753974498066
912,298000,0.6115595890596899,64.95716458412586
913,093370,0.2635559079544297,23.039295745883916
914,081660,0.2033052411668738,18.125851552874266
915,005870,0.3668055052389424,17.528213476055427
916,079980,0.3379922994471784,38.724009884907375
917,005010,0.3001908874143661,48.424049905510316
918,069260,0.2146412526154148,14.279095055622877
919,000540,0.2932145831078287,29.205644894271614
920,000547,-0.0419716928319897,-6.088855126830774
921,000545,0.4440028856450147,10.877961456034269
922,003280,0.0,-inf
