,종목코드,코스닥 일일변동 평균,코스닥 샤프지수
0,060310,0.1336588386945751,10.410059182988554
1,054620,0.2159656339923139,16.67018937773279
2,265520,0.0899487560346934,8.429506229818845
3,211270,0.4897296870694457,44.82281102725778
4,035760,0.1598526409702182,17.191298478636785
5,051500,0.2163712233538967,21.82255337375961
6,058820,0.1089778431810107,7.606313679680003
7,023460,0.3194471584941427,37.100120263705364
8,056000,0.0394910365730538,-4.7417434340859765
9,065770,0.2212401220745562,17.83691617774371
10,083660,-0.2472691237911851,-16.198798600079627
11,367340,0.1152411486956988,
12,367360,-0.137604566377185,
13,068790,0.4383802720504837,51.054543530781906
14,241520,0.7109419895948248,42.998401426613746
15,245620,-0.15286679686472,-13.281937938821622
16,037370,0.2892607431241755,21.697316688201145
17,079190,0.0,-inf
18,130500,0.353366899017496,12.352465208259964
19,900290,-0.0547883544831024,-8.572733615398178
20,083450,0.3041673733877746,29.75404323975434
21,028150,,
22,045890,,
23,078150,0.1855611082934989,17.62833539431921
24,036640,0.5477693051955193,53.3287966574325
25,335870,0.0418768734019699,13.792061547565103
26,351340,-0.3642249436805644,
27,351320,0.0978606227820912,
28,373200,-3.77238511418675,
29,095340,0.4269358727390869,32.83360345875078
30,099520,0.0655208900476474,-3.2227090885769107
31,950170,0.1166770332697415,8.522249513903965
32,067290,0.1924618639707959,16.693663034613255
33,035900,0.3330350422796969,32.321589530576894
34,024840,0.3958419568923224,44.11590461105707
35,024120,0.4006404484880019,27.26302369011729
36,021320,0.2787574437951756,43.734363884464265
37,036670,0.1130088540246053,14.284080752186593
38,044180,-0.1813561786976569,30.963166822463428
39,151860,0.2540434513892723,22.165307297782245
40,046440,0.3867170607047955,28.933911968067164
41,035600,0.0509807431418193,2.815166941918244
42,060720,0.1517557415365074,12.566266517704454
43,122450,0.8231102498652094,20.08001738910885
44,052900,0.5144228375327995,33.53195910057108
45,058400,0.4832356684319071,25.168420763921574
46,114450,0.3838112603083431,9.989915689294495
47,036030,0.5265043554867457,26.487859684273822
48,060370,0.3768373079504045,26.291337216646333
49,065150,-0.3273326579637105,-15.425656348511819
50,219550,0.3434307756847812,9.42052152431632
51,160550,0.7528947489093334,92.22514795162957
52,053290,0.5807070350356321,59.8809192387554
53,104200,0.2423087299246043,26.341558223502254
54,060250,0.2814085337223705,20.65354127501609
55,030190,0.3043990568829917,33.37881646943385
56,078590,0.4067201862311554,9.910396337180853
57,178920,,
58,024940,0.5823778417763809,43.77022332402919
59,218410,0.0266166236189349,-1.3117119290360042
60,091340,-0.0021009623285484,-1.7445191549107688
61,019550,0.6027096798587173,57.19702038330437
62,950110,0.1489886151491243,10.80607180609048
63,046140,0.1477325877742014,11.76006710097634
64,036120,0.4903034868314411,29.535803443635263
65,099220,0.1687347450213366,4.994507935874201
66,036540,0.2685216489928329,17.787586874192026
67,255220,0.1825286211040966,15.11385845807076
68,040610,0.4926264588809228,37.1801345783974
69,049470,0.3913298497928525,25.252619792465303
70,184230,0.4357350139290005,33.40322566598121
71,016250,0.2256070320288065,-11.766441404986015
72,307070,,
73,337450,,
74,340350,,
75,036490,,
76,048550,0.2994795385299952,23.256755465801284
77,063440,0.5022152397782226,40.70801383451731
78,950180,,
79,289080,0.1423818367931676,0.7315505507013571
80,089230,0.3809415450234242,25.1329418576403
81,161570,0.1342362046679613,2.7135758820814955
82,032540,0.1775422096255515,19.545208524179777
83,048770,0.2888456644868364,23.990921568211444
84,246690,0.5391930584846926,46.11942406473286
85,317240,0.0738978005891505,-11.762685285545176
86,038340,-0.6494703895291983,-16.38749876491628
87,073570,0.0860200347611774,-26.256826925127935
88,052300,0.2064181404535978,11.07251741536529
89,057030,0.0964970026570323,1.3446210528659863
90,040300,0.4598338824581194,48.824700287038944
91,051390,0.1670588395001371,29.164012929781894
92,052220,0.5008876493515046,36.46170217622377
93,079940,0.2317021437403987,17.00377323476926
94,078890,0.4326281242711822,35.55896906247193
95,192410,-0.0045786134568909,200.94860882431973
96,217730,-0.0699264246184888,-6.60109589549518
97,114190,-0.0608522173780349,-6.2659419609829605
98,094480,0.6018331629062288,41.642042369504956
99,063080,0.4499593048259945,47.43997239385481
100,044480,-0.1926137228915709,-11.082050538642694
101,039240,0.3474442512667983,52.03665111818392
102,053950,0.0013876194016828,0.8592633205505988
103,223310,-0.0958073134324774,471.5573723883169
104,011040,0.2175923833289972,7.805775959259694
105,024910,0.646337364764984,75.51287844805798
106,198440,0.2948166044738328,23.262340923902517
107,049720,0.1523146835094789,25.360388007560918
108,014570,0.204270413851997,8.509066760684542
109,348150,2.175985246193957,
110,098460,0.2028651467900969,16.931492661658982
111,038530,-0.0595574717339154,-7.340775744692467
112,900280,0.3003154771874989,19.201650161803812
113,215000,0.3830781361860755,47.08792321843075
114,121440,0.5223800004089176,75.98582966000393
115,014200,0.0516399528031603,0.5393395685516437
116,026910,0.2756173014886194,29.810777237483048
117,090150,0.3269183538328027,30.560693575897474
118,355150,-0.3984940650818154,
119,331520,0.0215824922199894,10.148585765765507
120,053270,0.7312820810372161,59.102870383966355
121,066620,0.2613296233987089,29.578463326956392
122,043650,0.2960092707916399,65.1632308302608
123,006050,0.061306111493214,-0.5848977690353592
124,060480,0.0896422865033622,4.904486155576279
125,078130,0.0976760776726889,4.607661042348439
126,307750,0.6198123332662313,40.83008038234771
127,204020,0.2781012967877532,24.343166265159887
128,186230,0.5448429107860474,17.47376281672818
129,900070,0.5451627969143429,37.1182758383673
130,204620,0.095825194169562,7.495290930091158
131,019660,0.5048302287091305,31.630645751251357
132,053260,0.4264276698642565,47.35509190474797
133,036190,0.0987239501983825,16.35603120166055
134,049080,0.4726414820994251,31.992756284886596
135,035460,0.2129438597539588,13.489586983028047
136,308100,0.2119441379892377,12.118727780847426
137,187790,0.1459360781961795,9.828460337973326
138,286750,0.4367340975940697,57.02876010292042
139,151910,0.4257081889943889,29.271321954802065
140,121600,0.4999020483243985,41.18237385583075
141,247660,-2.648609387633477,
142,039860,0.2466695828032043,6.093696939222413
143,091970,0.1522319962850697,4.045670287724074
144,051490,0.6411766700199885,50.08753043235301
145,190510,0.3248386198214558,-1.836566955819194
146,242040,0.0073689240539995,-3.1000171818181914
147,089600,0.287282827835691,25.658530235802214
148,293580,0.6190028263492033,44.350913347351735
149,138610,0.6626934317499771,55.42927722260404
150,130580,0.1541862365498546,18.932482047110504
151,036800,0.1380405526584842,14.764376319747427
152,267320,0.6039786716552235,44.09444801361761
153,111710,-0.0904056157243589,-9.302831228304964
154,091590,-0.0869835206939859,-8.350589477549759
155,168330,0.0,-inf
156,094860,0.4200267588363854,25.512028622050938
157,253590,0.5142836013707067,49.761353520085
158,212560,0.5163048090879638,47.13950945006836
159,095660,0.175246190753267,12.118191415046372
160,042420,0.4812548079920634,42.19695865382126
161,950220,-6.9620759575446,
162,311390,0.1936447754030802,11.169714338965212
163,085910,0.1274178071818462,17.082468172301315
164,092730,0.1272234790104661,13.964051321437767
165,290660,0.0512770616611765,-3.566226525057203
166,306620,0.4385642873547984,31.008462987740334
167,153460,0.1464637834593373,13.450360078743783
168,007390,0.0967749398871513,3.8318107304709934
169,033640,0.1555093066100929,9.981451996837642
170,330860,0.2507862892692156,
171,089140,0.4034524333078205,38.747136934362345
172,065170,0.119946627006325,-4.229933529624431
173,137940,0.3062125324507576,15.223073029468654
174,348210,15.363761330455374,
175,041140,,
176,217270,0.8942708403591029,81.15447019096378
177,225570,0.4156325621991441,26.523170814718664
178,104620,0.5194991407058945,46.686641019750695
179,194700,0.2745286854359869,36.02890038195301
180,285490,0.9652696097696768,50.95488538350241
181,278650,0.2550202786227109,15.823695048383028
182,144510,0.5219699591051458,42.023280135808925
183,031390,,
184,142280,0.4021421033611682,15.109920044127177
185,234690,0.2507907591256495,11.840168464726052
186,065560,-0.0982270025540972,1.4895684467532404
187,054050,0.1722786218348503,20.329767074439964
188,040160,0.2154937605868786,15.107342393711141
189,069140,0.3554977125503066,35.75657400204579
190,126870,,
191,060260,0.3121458809586529,15.762542498483075
192,012340,0.3559325150133873,19.782446653823847
193,214870,0.0846476866978995,1.0006292362952423
194,270870,0.2246367379986679,22.318046147132897
195,144960,0.3954951895456421,34.34926665243234
196,900100,0.0,-inf
197,085670,0.2402414031528435,14.619124986021674
198,119860,0.1831326347277504,17.790198218487706
199,064260,0.5322234134041536,34.55069636978514
200,093640,0.077743031252122,7.357733871017243
201,039560,0.315492321049802,19.005959995642772
202,032190,0.3597045463369787,28.705825638090342
203,068240,0.1720470434177476,16.206418763269216
204,020400,0.162874572043071,15.280087125078298
205,008830,0.3039440536097612,35.88802658281217
206,048470,0.0861637923673062,8.013949287271242
207,004780,0.2781551616637085,38.16475200242364
208,017650,0.3071877431562111,257.6173005546659
209,007720,0.1764124306652681,14.163336910627168
210,317850,0.2162873673911845,13.39710984184906
211,290670,0.2433991624791066,14.79483669710198
212,078140,0.2933158258873442,26.350515685102224
213,036480,0.310753859690878,18.707861182495147
214,025440,0.3846517717879611,15.591282725350922
215,027830,0.5010519911170418,41.81589918441363
216,104040,0.6136325349117953,38.63128964965671
217,332290,0.0221150379372705,9.296775263658596
218,336570,0.0193337481325695,12.578221562076038
219,369370,-0.8228240129917771,
220,020180,0.3492825574848521,32.99181967459015
221,045390,0.1987677969296908,8.23757172934035
222,108380,0.2720100173954551,22.051480696882297
223,006580,0.108530239663022,9.122368628995876
224,007680,0.1059664626870315,1.9192236858839116
225,048910,0.6571931066893029,75.59372596894829
226,005710,0.3038554092307298,32.10314813035273
227,290380,0.1108645708194061,6.205120650075858
228,290120,-0.0067421783885408,-3.91753683775441
229,120240,0.4204733107306356,18.387621404177374
230,003310,0.4341699163043637,28.921144055196002
231,078600,0.5805324091243276,65.42057998246987
232,096350,0.2849232574733304,12.902728199690053
233,140520,0.2887127792546116,34.89031774347744
234,131220,0.5711232782108031,32.89399608751473
235,010170,0.2594163366954224,14.848022043201215
236,060900,0.6189889287493191,35.47144775447423
237,054670,0.1989016459730563,9.258423982854964
238,023910,0.1190018239512993,12.468724743547758
239,021040,0.0906502058758046,4.792398710795581
240,021045,0.0897115010800649,0.35325439791431806
241,067080,0.1945719031135719,7.949206369316126
242,298540,0.6647320772491578,
243,299170,0.1673181922734503,9.885133787480093
244,035290,0.0,-inf
245,213420,0.2638071186154465,25.652973475718962
246,317330,0.2910984111162316,24.767952283864556
247,077360,0.4237785385353906,42.6018977224035
248,090410,0.0844591017919757,5.545898950138957
249,263600,0.1928676414401431,15.353158214190222
250,194480,1.397271288259643,305.4672857964977
251,263800,0.3983829955497902,23.11195108837964
252,206560,0.2567330401174459,23.38449521923684
253,261200,0.1100660483985992,1.209589045126718
254,067990,0.1117582018087041,7.710891051536107
255,006620,0.3655096964593861,-7.7557278624929875
256,100130,0.6817274981984262,59.380832652979784
257,005160,0.2815808212594402,24.82679867072572
258,075970,0.5881006484294005,51.3287544655376
259,086450,0.276269298474416,-23.906891658248817
260,099410,0.285469150561383,5.818604115054494
261,033500,0.355537178173503,42.576222600765
262,025950,1.122127383915425,103.90956620959288
263,088130,0.1742850307823031,19.607113854278012
264,041930,0.6124640409351355,54.5554315599226
265,060380,0.3527688226609601,2.968942277078117
266,079960,0.3070775029098532,34.198818976390974
267,228340,0.4569969491559779,51.811275082645224
268,088910,0.1296896367502728,12.88914268994691
269,094170,0.5265129634363593,41.695873687486326
270,013120,0.2209905845030377,36.41823181708391
271,109860,0.0633680767906414,11.462917060191964
272,032960,0.1972497599542019,15.398716612652454
273,023790,0.4285076584159432,33.88763733924012
274,005290,0.4243932938336925,42.92941978745877
275,025900,0.6309753706955493,64.25362499888779
276,073190,0.4257555305467823,30.202897156207534
277,030350,0.2060859399774502,6.692842652703791
278,203650,0.4952953236652345,44.83803541921925
279,203650,-0.4294291644943511,44.83803541921925
280,203650,0.4952953236652345,63.16450377263882
281,203650,-0.4294291644943511,63.16450377263882
282,223250,2.6763151583003264,
283,060570,0.1688787780960524,10.225356054062546
284,217620,0.3439772398679161,16.96620947718483
285,187870,0.5442756846775487,53.85819510544672
286,066670,0.2642681421075913,24.008797110558856
287,110990,0.2017019533689216,15.213253830988515
288,263690,0.2959050435293066,17.783557842508714
289,214680,0.1261505706318001,7.638624494921932
290,263720,0.3121958920256664,27.647537147975925
291,109740,0.0513878351699347,2.2981708412313493
292,033430,,
293,131030,0.1005540546142129,10.436812328053952
294,196490,0.2136763291211671,149.2064670699903
295,066900,0.3400739663523451,25.82932880779845
296,127120,0.4011104610100058,2.8356686629803036
297,092070,0.4872286583888613,44.349767331482845
298,134580,0.3244820645321402,30.980047143880835
299,039840,0.1876594147079728,21.05532191968765
300,104460,0.5463178778779155,73.75318442824215
301,079810,0.5171916198159919,49.077508751079954
302,227100,0.2432187380642188,9.575365064317388
303,113810,0.3159546962416551,22.65231574217817
304,043360,0.3303037840677348,53.88448597295654
305,197140,0.322294049616983,22.557702083767296
306,106520,-0.0900460567408603,-8.180962283470349
307,068930,0.0364782564286549,4.3753504319592915
308,033130,0.3924298572893074,31.169352467049414
309,105740,0.3793249361972474,31.19783083598442
310,263020,0.3414262638740556,23.776424403104645
311,290550,0.4812652730237061,41.521918215603044
312,187220,0.1831822313904836,17.45333552001915
313,131180,0.1792090284819187,19.493208235845387
314,317120,0.3793274782038021,23.3288476788567
315,042510,0.3785587722442699,31.75900533460502
316,300120,0.2560098015525394,21.80306228761155
317,050120,0.0012317398412462,201.73756673551028
318,171120,0.0971115109448102,11.957477204445183
319,069540,0.0,-inf
320,347700,9.586125224047882,
321,214260,0.4499301386487762,30.82159007791368
322,171010,0.139723733665992,10.617454350425195
323,084650,0.0488970845925112,-2.452941701555384
324,217500,0.7152033749892338,83.03202141068309
325,033600,,
326,141080,0.4813054632837644,5.413668955006424
327,060300,,
328,038390,0.3108277809929171,23.317156562780117
329,294140,0.0622346403929899,-2.306890862309479
330,228670,0.2231514841856078,17.996907043188187
331,228850,0.1525828734133574,12.430388342623443
332,281740,0.3932149936602036,40.55603358434879
333,277810,16.258926281089376,
334,215100,0.3582335820021706,24.479285092022668
335,090360,0.4379342458290765,30.545107821467184
336,108490,0.3623919344742537,29.78157698922665
337,900260,0.068847052441457,0.16754305129143968
338,067730,0.7651114657047902,70.7462575730707
339,071280,0.2138053509595576,19.174021182699356
340,038060,0.105805619487147,2.590973567806451
341,085370,0.3784073334432308,23.02400693165994
342,08537M,0.3472609150359774,18.819706215254303
343,060240,0.2405352306933774,21.165916787221324
344,058470,0.3314642227219747,43.58802627143756
345,039980,0.0625893433908098,3.4961727094405126
346,019570,0.3165373091200007,18.718986341099455
347,016100,0.0903000000833071,3.109049580295211
348,012700,0.2781654487860763,31.985315886403498
349,302550,0.0783607941231411,4.223645837146915
350,029480,0.2598196357156575,2.4142052977804886
351,277070,0.3896961063676051,27.72391479989623
352,042500,0.2062830970371693,9.946301435436109
353,219420,0.1957047594301961,16.717203195219156
354,195500,0.1355433348956445,2.437972577485479
355,222810,0.1591120016118516,-0.07098606865323302
356,305090,0.5099222775238076,0.18397009773657766
357,098120,0.3432418401559591,26.507982382405103
358,147760,0.5586918063721902,55.45384221009252
359,038290,-0.0699692494377283,-7.137633209200881
360,267980,0.0302097762223364,6.255247134167965
361,005990,0.1168228640163999,21.18896796677795
362,127160,,
363,093520,0.2756067201049498,24.84626791217637
364,141070,,
365,100590,0.2238164080114101,12.4125223711628
366,067280,-0.0057377408782234,1.145808678447677
367,072870,0.052300673383877,7.260694014289705
368,215200,0.2195895973303373,24.993862289662385
369,133750,0.0464249339214555,0.9410143521959019
370,235980,0.606535416206131,15.429789261483318
371,041920,0.0225007832296287,1.7998066039512592
372,014100,-0.1176717613869764,46.939848564187095
373,054180,0.3537914946338872,6.542980479124991
374,086900,0.2166725135623852,0.09072388297059507
375,078160,0.1637808813490713,8.737779786074226
376,065650,0.2011442648969524,11.447211618042994
377,021880,0.4827636971601314,30.600662270818294
378,140410,0.1390122191177043,5.781047472636434
379,241770,0.1694007867651794,10.036683784104591
380,059210,0.0784232819581507,4.110088417490144
381,327260,0.2126854683274851,8.13900301834953
382,058110,0.3217300238547329,-7.9056047276004255
383,096640,0.4005304423462176,21.75566500394596
384,257370,0.0733088456294424,-0.5275053882595336
385,080420,0.2898660074144873,17.071909279871534
386,080160,0.376356194598222,39.67564573578711
387,100030,0.2834177094971157,19.88565037283074
388,087260,0.3597980239841872,23.181523699308336
389,101330,0.35429851651619,27.009047308353175
390,012860,0.5741803266361463,33.21843207319311
391,348030,45.98210613017757,
392,250060,0.2973620119754993,19.49831702471579
393,033200,0.5425086331886891,14.394832915946884
394,118990,0.3352868297756528,19.07202308396989
395,006920,0.3035420167410221,24.94699642482807
396,001810,0.4018763271664802,32.492058281611925
397,279600,0.53921625946991,58.71805126120505
398,028040,,
399,095500,0.3756394758964247,32.80369605298584
400,218150,0.4799377763464145,21.130648430616787
401,353490,-0.3723505039055633,
402,328380,0.0193869463472011,12.135550408516048
403,333430,0.150382100317739,27.161504903011
404,100790,0.6140724429620493,76.59495800454442
405,049950,0.354749888116693,17.004706550127867
406,213090,,
407,207760,0.2007103675798851,12.999812581074995
408,059090,0.1704593059056863,9.611449955444234
409,214610,0.1952913146320585,
410,201490,0.1810425496202143,10.013267511168012
411,950190,1.7987201558911188,
412,214180,0.2245757049512407,27.723132336388254
413,206640,0.0087392732206192,-1.7583084446828507
414,018700,0.2177025392128942,0.5806892695210799
415,035620,0.0390859696069719,-7.8530349546223235
416,064520,0.0,-inf
417,053030,0.5256964306336109,25.59272374509969
418,301300,0.2108758512878249,
419,064550,0.1316774972259459,0.5631719770174723
420,314930,17.380156136994014,
421,208710,0.3316512048632353,30.144894287801357
422,142760,-0.0820349042003298,-11.715267599524385
423,086820,0.2016376820119952,13.05631372012778
424,038460,0.2570988713485596,6.2216080572646115
425,086040,0.1985476437819135,5.782551145396034
426,032980,0.2302064619317322,12.584144368526722
427,043150,0.1863833496941078,14.905021671758735
428,323990,1.8764281466887165,
429,267790,0.1094871591061827,9.612251661711424
430,046310,0.2122880411950836,14.727217592934283
431,036620,0.1826558184289596,18.422239189407343
432,066410,0.1817892875515847,9.48421974244886
433,206400,0.3103874131930567,176.4726823934738
434,019010,0.2342754276327146,29.876908533690223
435,177350,0.5316101753726348,55.068807730716465
436,299910,0.5598997889124441,39.90305409992993
437,225530,0.2857661572263447,18.871250044014218
438,250000,0.4438722785442228,24.918609498558517
439,006910,0.2537960668407348,25.477469760257947
440,226340,0.2034880505489645,14.405365657342928
441,014470,0.4788160599801066,43.05348217293979
442,008470,0.2290364233042809,30.58050384547502
443,338220,16.7089735729715,
444,100120,0.094279719856226,9.326268917811344
445,337930,-0.4880893377377664,
446,064480,0.3245183059093416,29.59582536320607
447,288330,0.1132392140386516,-15.323251992566107
448,251630,0.2991830948610846,26.803770933873416
449,018290,-0.0104624018626742,-4.659020343245835
450,263920,0.1168791400965248,3.458760921207393
451,033560,0.427336219910862,40.7740852303187
452,126340,0.5280627858236585,
453,121800,0.5739392609409477,37.91541429884331
454,148140,0.4348274705586004,-1.0739713601298861
455,082800,0.1601177689378867,5.096874336815876
456,318410,10.558965218763834,
457,200780,-0.128193840178341,-7.160162866957216
458,141000,0.2419334673965974,27.63075979599448
459,090460,0.1110520925416407,4.9431793662672305
460,083650,0.47639924159456,54.87703121233795
461,086670,0.457810631513765,50.45657157268129
462,335890,0.0153275516666308,3.871099849225729
463,138580,0.3270660641276287,38.29352573481972
464,082920,0.0496238412568393,1.7642710197985363
465,054220,0.0,inf
466,042370,0.3996361679571683,30.73802148611959
467,032850,0.3083693486545448,13.231716624125449
468,238200,0.2094760734467239,14.196990087132514
469,093190,0.0974604253366776,14.512115196961108
470,065450,0.6857166876041882,40.16775459522925
471,072950,0.2726781297072277,30.085560308373374
472,143240,0.1774274417772376,27.939667113053936
473,100090,1.0193055088482752,145.28173120866546
474,122350,0.529489950493843,43.10170698666067
475,014970,0.2139148270198982,7.6217347856868445
476,018310,0.4058486785689543,47.11707468136068
477,053700,0.3749022406334689,28.91955498934155
478,009620,0.4822699958340595,20.990769054519056
479,023600,0.3609722123505703,41.944501789016755
480,111870,-0.0199582313527095,-5.440924166880404
481,291230,0.0361245299453946,17.613946965074856
482,009300,0.0758916792071907,4.475906958663378
483,225190,0.0397658419973665,5.426923314190264
484,054540,0.3196569317163745,25.771501701285562
485,065570,0.3026694663633971,18.844757769758985
486,032280,0.164881001411796,19.94142570252043
487,002290,0.3858858121044102,38.10272661466453
488,037460,0.3047662050507367,27.054727546679384
489,032750,0.1907450154326653,22.36099489136141
490,054090,0.4381615278528727,25.234404049301563
491,000250,0.2663551079729632,15.752951580904032
492,024950,0.5193872699797991,48.813004422232886
493,038500,0.409230148286716,37.07997442501415
494,017480,0.2384511856269265,34.29151255354544
495,046390,0.7140189146213712,67.63753897834145
496,027580,0.522580111439852,34.26894444648975
497,038540,0.0700326885035292,2.5725657227446566
498,307870,0.0240530667573345,18.555874459203324
499,329560,,
500,101000,0.1311734736363707,10.270461003521566
501,091580,0.4657437297713165,43.34626416256636
502,263810,0.3516149181579329,24.802483046029824
503,089980,0.7600070172894795,96.66050123553165
504,042940,0.1313260277273157,3.0282699473404247
505,042600,0.722796833290788,63.85080932985165
506,263540,0.0,-inf
507,294630,0.0938051927279602,5.6093076112619915
508,038070,0.1581045394269284,5.207606750313971
509,006730,0.2274946538277007,21.559694357828313
510,079650,0.1244036180080298,9.677176626247535
511,100660,0.3295600374989676,23.038179466366
512,019770,0.9945391604318162,94.78446860852534
513,043710,0.1125778037071422,-0.2037461423035715
514,092190,0.4018606845806337,20.286054957975566
515,046890,0.2227071907305804,20.434386002797222
516,063170,0.7063099133332988,92.30074995878512
517,027040,0.1754225176393498,9.35942419709641
518,018680,0.0637075310931583,-0.1844490004206605
519,093920,0.2951036123681539,31.917045757711687
520,189860,0.1643019704046797,15.365466774073584
521,178320,0.3054445891845217,19.610927760799626
522,122690,0.4650849401748826,26.307852622658615
523,140070,0.609709684889051,58.72528744169378
524,011370,0.3309408034847719,29.928149624287297
525,065710,0.0933675760141913,8.677594653578693
526,035890,0.3258285120966104,50.88590077561437
527,357550,22.77936671011931,
528,003100,0.3438066813979085,75.52060997433918
529,123420,0.1846306797571733,10.756184050324244
530,171090,0.5446722841790064,39.89497478636364
531,086710,-0.7653139535235755,
532,014620,0.2282363280634952,21.479118481897842
533,037350,0.315214774631519,45.65906649969984
534,081580,0.3337276350419927,25.782849132323097
535,045300,0.3410392538777045,26.12006415352949
536,015750,0.4336186061544411,37.49945823880884
537,080470,0.3213031125462637,23.66765181788648
538,043260,0.6374847941892314,65.20183528124295
539,148150,0.0158280696078604,-0.5898259857933693
540,053060,0.5019141079555568,57.451576886468324
541,017510,0.1587756098380666,18.73173423210941
542,214310,0.2784375680453436,6.062144804906465
543,011560,0.1886814991123784,24.68146771502423
544,100700,0.2219616193764886,13.322208449226789
545,234100,0.6971331915220155,44.10345953542805
546,024830,0.0,-inf
547,258830,0.3252182283176648,19.34984057650234
548,036630,0.6458442617849623,61.775329822500055
549,039310,0.1486275712037084,12.585095214750913
550,067770,0.4462635925242768,42.1555260404716
551,053450,0.2455260781685371,12.025560534244399
552,234340,0.2289744341941734,21.61460313860369
553,252500,0.338485478467686,26.962653607860904
554,347000,7.154899817004663,
555,051980,0.7777231466764539,44.4998721141044
556,331920,0.0272532060250939,
557,049180,-0.0448751069658042,9.082148214625521
558,299660,0.4158933548155172,28.42519187480433
559,268600,0.6216802525741554,11.765016041583412
560,108860,-0.0591762553797627,-4.310162164434982
561,208370,0.107245860666539,2.5179411921088266
562,068760,0.3594390710750578,28.775325224849876
563,091990,0.2346172543166616,21.00494957814694
564,290690,2.2208090589554104,
565,053110,,
566,950200,-0.1127305315429042,
567,032680,0.1978742061352927,10.125158036254573
568,032685,-0.3524407102509724,1.354224628652168
569,032685,0.420661239134079,1.354224628652168
570,032685,-0.3524407102509724,0.9485161996930008
571,032685,0.420661239134079,0.9485161996930008
572,258790,0.5649307147918478,30.022580885379778
573,066910,0.230455269939861,19.332576582847473
574,043100,0.0,inf
575,154040,0.4142681333493059,40.07658622710859
576,035610,0.6250451188484187,59.54449916611974
577,357780,16.45023197657715,
578,036830,0.1997600384132522,-8.490645975443659
579,304100,-0.3559471845332235,
580,086980,0.3820286370402559,30.15045557657561
581,050960,0.9775406130691836,88.28988542983096
582,084180,0.3395930823978281,24.500233591248705
583,253840,-0.1051456216725177,-7.6152713728913515
584,058530,0.0061985050271739,141.27369022540444
585,236200,0.0203273617666886,-0.09097008989694284
586,317770,0.1643479869581152,15.92798789089975
587,094840,0.3993532070923419,36.44470169379761
588,192440,0.293212597059073,28.72235343318086
589,099440,0.1294065406151524,6.409454250768046
590,033790,0.0,-inf
591,131100,0.065916123702346,-0.34357614339138914
592,159910,0.025683595372566,-2.175569475232652
593,158310,,
594,115570,0.0981388429008861,1.7937246355842105
595,253450,0.1241856033939876,12.307495832219988
596,204630,0.1838444191572855,2.627553445626423
597,013810,0.8124247931592914,46.268983286440644
598,039670,,
599,049830,0.4631572358661092,42.94453667441795
600,020710,0.0999345698538756,10.365556434153929
601,033170,0.3744291113605246,23.80415697852917
602,048870,0.3764649694517766,15.443854995173107
603,025320,0.3398085646969243,8.92815543822936
604,269620,0.7086230389384289,0.8765867876209906
605,131090,0.2710949221471136,9.958374445774442
606,139050,0.3843023314481438,18.42916497115877
607,290520,5.613283795940392,
608,001000,0.368127110664025,20.898473154779545
609,025870,0.5219522352128421,28.298619311599023
610,215600,-0.0329499568743389,-9.718930778237159
611,065350,0.6867798031558653,54.289109209419905
612,002800,0.0480151585632557,-0.5593940990125043
613,323280,0.0248263870334565,11.04976876007921
614,344050,0.0160834528314716,7.2208525844476235
615,017000,0.6208154269516908,49.84453266195739
616,012790,0.5824123828889408,13.35597498027788
617,138070,0.2481716852070811,20.912012929236976
618,226330,0.3481960965137496,14.590239576711408
619,333050,0.0178382267764395,10.126733680304778
620,366330,-2.366181755645352,
621,056700,0.2528738188719702,21.462775543772796
622,187270,0.2300645556602011,25.501922304239013
623,243840,0.3011007883607035,32.25005458792263
624,108320,,
625,222800,0.4446340490679933,43.357118492052685
626,036710,0.4239869178741235,40.79292278128004
627,160980,0.4968917624541228,51.0486430684822
628,356890,-1.6042520907753284,
629,217330,0.8845612342079174,121.04776383191346
630,010280,0.1095804622024321,2.7723804592070964
631,208640,1.017217446779439,110.62792716621796
632,222420,0.3759709412909108,23.493966466673726
633,037760,0.1682245954153778,9.406835117451983
634,136510,0.1992449169656406,6.935949914613126
635,099320,0.5987355918723954,63.861867246138374
636,049960,0.1545046035631547,13.518413753210718
637,050890,0.2926981186349633,20.26924409040713
638,066790,0.0,inf
639,222080,0.7695478718192466,83.66077518205778
640,264660,0.3440353756127675,44.936946625909066
641,352700,-0.9042138933710702,
642,297090,0.8301879993189061,97.02264596140643
643,115530,0.0,-inf
644,225330,,
645,115480,-0.0395992831334507,-4.66523345002683
646,189330,0.2913091252961577,
647,096530,0.197252164784509,6.960567339320786
648,900120,0.3761833757295336,16.39621612994213
649,101240,0.1133201223141543,12.6714091602135
650,060590,0.1483885806920402,5.928769059479686
651,260930,0.2289559038021151,-6.370334325444461
652,013990,0.1271631898875208,6.777203536856041
653,123860,0.2424853502993112,20.581586861566354
654,025980,0.1513658174163919,5.7183539349942984
655,050320,,
656,058220,0.0,-inf
657,125210,0.2432526254969376,16.077439945538327
658,052710,0.3034704556021933,33.18991733366472
659,074430,0.2896207621876173,13.251463027584679
660,092040,0.3835377057315088,31.817499065311097
661,083930,0.4652996256929399,45.265116280188764
662,149950,0.4421231409655169,58.14788856041052
663,036010,0.3028979402674749,24.923501810067954
664,050860,0.0227595237122761,0.8910969557605377
665,246720,0.1958554051256799,11.56092383260431
666,067390,0.252914182467038,20.549477236345492
667,127710,0.326297028179943,34.90063278918494
668,154030,0.2808911123055416,16.151824832842372
669,227610,0.0255582354775561,-15.061420012951654
670,143160,0.2612545193389414,17.675521837410642
671,054800,0.1489511819418278,16.43467598501383
672,332370,-0.6158756434123084,
673,339950,-0.0903768711580269,-13.343381888817433
674,099190,0.1074035880286073,9.784577186446082
675,289010,-0.0975241952468005,-6.3266719738771675
676,214430,0.0756899490453235,5.833710932004657
677,040910,0.1146809487698775,7.651090704501862
678,068940,0.3924989673521165,23.821053031836378
679,052860,0.2150118058658315,12.900538410396136
680,069920,0.0412716895405525,1.205227418175227
681,038880,0.7333240462433548,61.877250533531786
682,123010,0.4917921250393131,-10.803987617599345
683,307180,0.3528859236469767,22.825919454337313
684,101390,0.3877739772428081,21.040930019906057
685,090740,,
686,226350,,
687,078860,0.2256345267158496,16.177851846531205
688,114810,0.5496675951212112,20.758359767764542
689,031310,0.2343413389538348,16.924104384567638
690,185490,0.4959809558541844,24.518231129800125
691,059100,0.3117467460519326,21.545239385716812
692,262840,5.7719002924311305,
693,175250,0.5208861199961164,22.45519953396252
694,052460,0.5927371989437416,36.784392010404595
695,119830,0.3617138352808963,20.680809764968608
696,052770,0.0,-inf
697,124500,0.1044284930920759,6.52210608838029
698,084850,0.0656505813404298,2.2020578687351327
699,027360,0.814795894910331,110.70859979163747
700,032080,0.26528778670942,26.04793515976707
701,013310,0.3690532059299652,31.41614683291138
702,059120,0.3261599902978136,16.53402317784873
703,158430,0.1622598644381599,10.163641743771466
704,067160,0.2059138421582182,19.010941360251795
705,001540,0.1973757938973557,13.060764723605775
706,053800,0.1037277126243748,6.405980522344153
707,065660,0.2051916303955799,8.935443864796268
708,297570,0.5883466058290925,45.836450935058316
709,260660,0.1240003786815216,-4.359956439865578
710,131370,0.2691080260945978,11.557500181402572
711,140670,0.2509612501403374,20.809709404279825
712,096610,0.2753808433550808,12.675972028181922
713,061040,0.2693752615721856,10.865027037915093
714,148250,0.3691472664340799,21.583516414635763
715,347860,0.9963004537990452,
716,196170,0.624110409900905,2.8191239537372064
717,123750,0.5763473428544607,91.86478871785148
718,085810,0.4039817980274572,21.97208115204616
719,117670,0.0486914168029662,-0.968454049904394
720,291650,4.048435905996971,
721,293780,0.5581325019309096,41.030697838069244
722,196300,0.3570443645122685,21.62172914975613
723,310200,0.1970416972972937,2.788910268928653
724,205500,0.4002283403978112,34.165091986459416
725,052790,0.1936692509185975,6.436746060692898
726,131400,0.0792031239487814,1.9362211636401507
727,290740,0.1099528478369555,6.670669527923362
728,238090,0.1651965313561453,1.5050250477653473
729,092600,0.5445277907023426,41.44551608070307
730,129890,6.41718580427268,
731,174900,0.1690920873021148,-6.953526985677686
732,255440,0.1597832949179979,10.55114140096547
733,030960,0.2078953082939499,14.555196662423638
734,102120,0.3386061847949037,30.156613197885743
735,238120,0.1816607156970444,-7.497816877662689
736,019990,0.5521798850723971,48.844475928644094
737,041440,0.3277074850640375,41.47424230770714
738,038680,0.2299368832894077,22.722278039744406
739,217480,0.1813753170900403,8.938166114051267
740,121890,0.0,-inf
741,097780,0.1898620457756905,8.001083456183014
742,042110,0.3482865288578583,21.628594156973993
743,298060,11.473003022129015,
744,065420,0.0,-inf
745,103230,0.1995282936531916,8.012011987053782
746,900080,,
747,101490,0.3605455703224544,26.70461901335246
748,095910,0.457411869839971,43.625675585601705
749,275630,0.2092201688551177,26.42169156583599
750,031330,0.1901953442445378,24.591999215614877
751,060540,0.2529301102745075,21.621465922690284
752,056190,0.1350250052304211,14.390129748871127
753,080000,0.2695949539478449,24.524383027653172
754,041510,0.1788598717765363,15.536197215668007
755,007820,0.0302933512678131,1.505849022925198
756,109610,0.1915280429411106,-1.0478441076040999
757,306040,0.293111794904885,-11.564030010169041
758,080440,,
759,096630,0.2449214963408552,12.905502392719349
760,069510,0.1241496052996585,16.723049128545576
761,041910,0.1411425127732766,8.843098132285233
762,234300,0.4963167805081772,28.13219478027134
763,039440,0.231591072981051,17.89054383631536
764,098660,0.2258269578423729,16.850061697021687
765,052020,0.0161635882678095,0.5163821508267676
766,237690,0.5149349275564283,33.74538209499059
767,050760,0.3497937012244573,29.992084136410096
768,288620,0.506811867383519,34.27126041452112
769,317830,0.4381573500477068,30.803067337816316
770,058610,0.3347471373289188,36.29077669440495
771,043340,-0.086718893448296,-8.927236059672007
772,054630,0.3835739334762161,20.828078313696945
773,200710,0.1309501667780523,3.4189894397426257
774,096690,0.2775365904849816,126.77579250648088
775,298380,0.208898786139133,7.476628105272596
776,195990,0.2503812122161702,5.613212337918538
777,003800,0.0673085234850466,8.502389231148145
778,088800,0.5076337828637622,42.14057936980205
779,241840,0.9023099173720088,125.19175269697735
780,138360,0.0,-inf
781,039230,,
782,312610,0.3851611288864544,0.20274689565616824
783,102210,,
784,072990,0.227442438973749,21.878701293757693
785,176440,,
786,028300,0.0911202491254112,-12.972091032152504
787,067630,0.1911758908104154,-8.088029636583189
788,047920,0.689127887869826,50.38330633249996
789,043220,0.0176277439970327,-1.9237892413280344
790,239610,0.001814560172262,-2.9195499046432265
791,353070,-0.5376887766960269,
792,353060,-0.0577994091524248,
793,044780,0.2756397439126468,34.91362037528043
794,071670,0.5781988923738799,42.89532689317836
795,045660,0.7465557573940751,76.49017444777752
796,224110,0.8325998433149012,76.12592269257937
797,230980,0.2567875362491356,11.764679207025871
798,021080,0.4863836828152029,39.12065826756659
799,089530,-0.0116967796443229,-5.449159134741062
800,200470,0.1388431663180439,9.560600822582657
801,073070,,
802,262260,2.92829220887927,
803,109960,0.132657915408862,1.9477673361353887
804,089970,0.5686403587469381,78.8538190021479
805,230240,-0.0413405893207784,-7.019917468538076
806,064510,0.0722226644409737,-5.7432169241058135
807,230360,0.3450586891878585,1.8703979908532213
808,038870,0.4873455419455147,30.809380622647108
809,128540,0.4654403165835203,28.272633793974812
810,086520,0.5381248473780857,68.62911717024303
811,247540,0.4438778690626845,53.07852457651736
812,038110,0.5307739703517664,59.340848772525455
813,073540,0.2363129519900312,10.589941821445152
814,064850,0.5665191434409603,
815,064090,-0.1434664316215463,-10.744039947178758
816,036810,0.7250412910570553,72.56730491263886
817,173940,0.1076578003585355,9.18763797684398
818,083500,0.2149316312454359,11.247919678522152
819,054940,0.2863653209421,19.350327790512893
820,950130,0.6502619500935195,21.05794347515038
821,205100,0.3157052428128664,32.62028972094744
822,070300,-0.1739812393769404,-14.451981234100433
823,092870,0.442394887331921,40.82437111484141
824,317870,0.33628572921082,28.083237825106462
825,067570,0.4665560582878677,28.367540887625776
826,236810,4.655056409937073,
827,101400,-0.1025417383095112,52.38118704822579
828,217820,0.3860129701864178,25.42326533374313
829,031860,0.0055827448762787,-4.39847718741109
830,310840,,
831,353190,-0.2312416548046922,
832,359090,-0.6027670163640093,
833,365590,0.8642977174626884,
834,265740,12.030261580032873,
835,354200,0.1779144046270651,
836,208860,0.2748547240340537,5.698593047263397
837,183490,0.4073463554526847,28.62179852978245
838,182400,0.3101045414931427,20.679704980381135
839,069410,0.2438348763133737,2.524889144423108
840,227950,0.1924207465825832,0.18725547891151034
841,198080,0.1078511737602406,6.4308839736319605
842,048830,0.2165772499715056,25.056101034561088
843,096870,0.3363705699211705,42.95988885529474
844,061970,0.4199522408476501,31.42339429308851
845,138690,0.0114389674933121,-4.504161187248161
846,290650,0.3586596701748856,-8.085194496574728
847,066970,0.7122440092293607,84.53807795454564
848,156100,0.9757995687447488,62.832876556841825
849,073110,0.1564401883480464,3.34105062184935
850,083310,0.3584237795900259,34.86217805216204
851,297890,-0.0091632575695792,
852,037950,-0.0594842521061116,-6.031555060076063
853,170920,0.371481803726521,23.061598478332222
854,058630,0.5420207752743597,51.587054275387736
855,019590,-0.0245238146044601,0.10280701002119218
856,169330,2.877606377942952,
857,097520,,
858,179290,0.2398625036612901,22.530438334524824
859,009780,0.1560324296709317,8.920943690495767
860,123040,0.3599254240473817,20.313059590708534
861,323230,0.0371094694274211,1.6889764360009707
862,032790,0.0,-inf
863,033160,0.3269864146406289,30.105033019275474
864,347890,0.0157328841938614,
865,033310,1.0104907609430245,114.75130763177603
866,259630,0.3143256176302548,-2.09062471068674
867,115960,0.2096928930725766,23.42318860693798
868,060850,-0.276994497701551,
869,007530,0.4523333612831399,60.24556798687826
870,143540,0.2692574980194744,25.40660183965102
871,036560,0.1636907036210724,17.917973584101762
872,265560,0.5610460145679395,40.9396011527418
873,036000,0.1830912006900155,13.786674172964211
874,250930,0.2059864870843794,15.624923292065391
875,053280,0.631734028804835,60.18562808044859
876,122640,0.4057032877185818,32.8799959578377
877,900300,-0.0371705876737379,-6.373304712585032
878,045060,-0.0432887242937024,-5.3634108572995425
879,080520,0.39484717487723,32.85355346149138
880,039830,0.0223228370826299,1.2910428560725653
881,322310,17.141694749613663,
882,046120,0.6424784614816156,55.06927798235576
883,014940,0.8922953945935083,109.4047406282655
884,065500,0.860792974866983,53.46170068022325
885,010470,0.2992300249610974,23.299665208295654
886,053980,-0.1687649383886302,-12.003570956736425
887,052420,0.4232135701786292,25.071775806950317
888,241790,0.3487940902776982,28.92958291647957
889,039200,0.3352403494955661,21.645850669919355
890,226400,0.4303723437398519,8.31999628656878
891,031510,0.5091612591137683,38.546047567742725
892,048260,0.5108862417843721,53.854563779658385
893,138080,0.1514668437778697,8.298650780348352
894,080580,1.4247698605694057,194.98817147786332
895,067170,0.1258646468525349,7.9543344357846175
896,173130,0.4069547041949628,-6.384175058551939
897,049480,0.1625561412284093,11.504973846485917
898,309930,0.2129735289035914,19.560736372513293
899,244460,0.1749544722254642,-4.898251714776587
900,226950,0.4230065395426192,5.523840896913532
901,057540,0.2165775172417752,10.473326442557523
902,082210,0.392803857671772,30.84492322000219
903,109080,0.2636672463773842,30.42114700650138
904,153710,0.3463370636180348,14.733122296870535
905,321820,3.177526977410116,
906,122990,0.1865209964188718,15.795455238773426
907,232140,0.4805200368305369,46.46992569978653
908,067900,0.3021032633997774,31.472576568949147
909,155650,0.1882437087294613,6.500028775674182
910,251370,0.430299384317888,2.713269591906538
911,066430,0.2329868461145215,12.077636427767253
912,193250,0.3040472341229375,18.471336253925365
913,273060,-0.0603491749802076,-11.155697293450173
914,019210,0.3317565912368058,37.30317043065987
915,122870,0.3053634839989788,27.439602731774407
916,332570,-0.6591525912660702,
917,079000,0.2844177263599224,37.935724734437024
918,114630,0.2586107812800162,14.786592163326127
919,032820,0.3447527088243136,18.055704448077098
920,041190,0.8593642027655574,81.66531163509804
921,115440,0.1771117878159645,10.497569932018152
922,046970,0.1021550763689506,4.303509674474966
923,082850,0.936409050190877,61.66450766579485
924,215360,0.3126562452744232,24.06793829863078
925,072470,0.2231707257297105,12.286256063928159
926,073560,0.2840592663030222,25.691762132480516
927,153490,0.2090901988843781,17.532785914138397
928,037400,0.5868192036204086,59.08682582659982
929,101170,0.3858861232042774,26.59791562628604
930,066590,0.371512682216335,23.64371895436158
931,103840,0.2320768225277905,17.986317701040004
932,046940,0.1179637630215039,7.160922348310822
933,215380,0.0194510371277785,-2.8492751243013132
934,065680,0.5105561492416553,40.05145029601377
935,018620,0.1892614873943705,11.383464729526041
936,307280,0.1346990447717125,7.714106464481048
937,053080,3.8052023977492606,
938,032940,0.363332605207306,44.33578925977377
939,240810,0.3370140131625606,40.78741978456922
940,074600,0.3556356967817817,33.332278548420746
941,104830,0.3216777507209971,36.24465594737313
942,014190,0.6696218732573753,61.533633192056605
943,030530,0.3202306173605143,24.33260237330672
944,012620,0.2192211805218493,31.40803169488824
945,008370,0.250557902346944,31.874244837561122
946,008290,0.0088869798525385,-6.793780579470908
947,101160,0.6386199404415557,100.2154907206417
948,095270,-0.3103401801308305,-14.69382882865388
949,065950,-0.1363777896843619,-10.548399844512554
950,076080,0.5262001026403657,26.689777965230757
951,196700,0.2690052059715938,26.29328314912283
952,069080,0.5519166587733116,60.88689271016736
953,053580,0.2830740976665864,32.55125256207183
954,071460,0.3066548973991371,32.95515661716155
955,044340,0.1831719725877042,14.429890298267493
956,330350,-0.2940684056833902,
957,348350,0.9960819634310968,
958,112040,0.514148205922137,53.46702012191033
959,065370,0.4587085061192251,13.932947505797282
960,038620,0.3211186566806903,30.19507544416148
961,299900,0.5616600692372777,76.85367572771447
962,036090,0.692294974717885,51.83551036508303
963,136540,0.1465767219360755,14.491217509893039
964,320000,0.1745748290473292,8.93436931044315
965,097800,0.3179061928308438,32.483899860683
966,192390,0.3363224896622344,34.33931977452471
967,313760,0.4185071318471125,29.216234941838184
968,900340,0.014453874879759,-2.4535706271174114
969,036200,0.4860837873247547,59.482280722120954
970,018000,0.8923928763643626,73.9959965111481
971,203450,0.4401067527624466,28.652196258005418
972,011320,0.326353595709857,26.66645448536279
973,086390,0.348147267261029,23.34619007714005
974,241690,0.2284695859518092,-7.028542806481151
975,142210,0.3618266433137552,31.424774428489968
976,048430,0.4669180665598937,32.90411896063413
977,206650,0.6528335038469033,37.545901250593104
978,089850,0.4595361262614114,43.23880636462922
979,032620,0.3184752863801373,18.804092796372856
980,264450,0.35025510803317,-1.2138453633355184
981,078070,0.0603358744548581,-0.32867073401544106
982,024800,0.3177518720737733,31.744559126578288
983,054930,0.1939883157207837,18.6255087878971
984,069330,0.0,-inf
985,049520,0.0494757738460361,6.723613370289556
986,313750,,
987,336060,0.0194692587660025,10.326233337055754
988,340360,0.1546947300556553,31.86920193621281
989,367460,-0.6907660206447667,
990,056090,0.1709513331109499,8.912269633811938
991,263770,0.4945042261373087,39.47601303887537
992,340930,16.95185607348835,
993,023410,0.2418976574898334,34.2955604954469
994,056080,0.4291516922365983,27.328542120149823
995,321260,0.0250823809999627,18.3294279245225
996,331380,0.0243500698992445,15.312979386606795
997,084370,0.4728647641667522,58.43386759129882
998,178780,0.1515534762811263,-2.866793160111207
999,179900,0.3619017162453817,24.686137658156255
1000,263050,0.1132090499538893,-9.608568118839212
1001,191410,0.4977466990169413,19.872923295742293
1002,072770,0.2998909020603519,16.806679710837926
1003,039020,0.3875410503822921,31.302616605137025
1004,060230,0.0566986936109792,0.9099302295992455
1005,067920,0.2222588667546225,21.9447453983206
1006,044960,0.2886001064426179,15.142754096831604
1007,302430,0.3917193237811284,26.28851492959017
1008,073490,0.1827838857131814,11.696164847338265
1009,086250,,
1010,215790,0.0101667663800901,-4.140209328531409
1011,246960,0.4443294246585211,30.714586148545507
1012,088390,0.598229778855755,39.19259579281368
1013,272290,0.2515026014497663,26.07329653417072
1014,053350,0.1786121006992224,18.101983253325958
1015,258610,-0.0246821200027429,-5.870428106768359
1016,215090,-0.1171324036288162,-5.990127583304077
1017,041520,0.6556423701774264,84.44925802388738
1018,264850,0.1751468747016288,18.029936757886595
1019,054210,0.4312778717763028,35.447911979200434
1020,164060,-0.2261101808501054,
1021,065440,0.0991135129861413,-1.5921095780019174
1022,115610,0.1790906459423879,3.5426389164528787
1023,349720,0.3754134476103848,
1024,323210,,
1025,078020,0.2771822398179318,44.33097652555326
1026,080010,0.1238438433395649,17.21137996276345
1027,086890,0.5886365361412556,36.548224776547436
1028,047560,0.2852812333550523,28.49570268854593
1029,900110,-0.1056547049295967,-4.07513227236437
1030,067010,0.3880837418990603,20.017870582027793
1031,052190,,
1032,226360,0.041561936107708,-2.3158428718295796
1033,101360,0.7359477786146477,
1034,102710,0.2965399389203991,23.169976932835176
1035,066980,0.3270926435243111,568.6548941720215
1036,063760,0.3448409624135787,0.29619600222170506
1037,087730,,
1038,123570,0.2493821191309908,29.49986501769226
1039,083470,0.0,-inf
1040,095190,0.3769498870257043,32.26320876668108
1041,091120,0.4665389323949472,46.65983182246688
1042,039030,0.32751445147286,30.633233914694628
1043,294090,0.3790702214379111,
1044,088290,0.0676618902143818,-1.1328494596171077
1045,181340,0.9566608173425122,132.36944148391967
1046,353810,0.7614390139949925,
1047,090850,0.3178132600501743,-0.8633598107467345
1048,099750,0.1675984190411433,13.952608679003232
1049,035810,0.2130282251160292,5.247029622549402
1050,160600,0.0,-inf
1051,092130,0.1120082705960498,18.066189865638705
1052,096040,0.8835472590637415,50.224816223728936
1053,134060,0.3608927435993539,14.748658520235294
1054,001840,0.4127294075794255,26.845390570563296
1055,024810,0.366377109658631,9.598657847721427
1056,041830,0.1197549011925527,13.17829850317812
1057,352940,-0.4815373915157914,
1058,079950,0.307284268768122,21.059420563199815
1059,277410,0.2125675731910244,21.929181764400948
1060,060150,0.3203087424830868,44.96127564843523
1061,033230,0.0172517209158407,-7.730676863362894
1062,037330,0.462493201368009,39.44111142391515
1063,083640,0.1117406864168559,24.196294453652616
1064,216050,0.5615805165076705,70.81633158930117
1065,049070,0.519393127775982,61.87805704542952
1066,119610,0.0323772549907159,-0.052810991268355756
1067,017250,-0.0933144373870808,-12.503986585049674
1068,035080,0.6440373047867094,54.410446090020265
1069,051370,0.1680108517255148,9.830037514024385
1070,064290,0.63437342964751,58.02957472525718
1071,189300,0.6110084834008651,65.74008869782811
1072,150840,-0.0520547272855652,-6.170299681590446
1073,048530,0.3580331599068842,23.03615449394742
1074,175140,0.2545995707003273,8.55710108273106
1075,115310,0.0192995807756445,4.038429173622476
1076,039290,0.362829488669064,15.136394159598078
1077,041020,0.5607744056823751,28.273239743803614
1078,071200,0.1845165417583315,16.203030090944335
1079,101930,0.504099256014041,53.41296128287517
1080,068330,0.6522928121828505,28.68713112425416
1081,058450,-0.1476880614028625,-20.22844878695013
1082,019540,0.3301440423581975,21.55491665672664
1083,094820,0.1496326330112809,26.943384727352846
1084,950140,0.3557695412797671,33.854301695391094
1085,049550,0.4526060132318277,61.732819097225544
1086,254120,0.2882965250168278,11.93113491918135
1087,221610,,
1088,043910,-0.0109752803025862,-1.0104993942472222
1089,234920,0.2793298238725715,9.831468093670166
1090,289220,44.64241134720379,
1091,174880,-0.0919043486000272,-8.381619620083331
1092,049630,0.138058976690919,9.040667318901104
1093,110020,0.5959891461525798,27.21278923841822
1094,065530,0.2183031821960036,16.510555899553353
1095,208140,0.4667312614743886,27.34183585795644
1096,022220,0.1975835675414681,21.45925782136955
1097,040420,0.0097908264500788,4.448245387905539
1098,045510,0.1950069495194006,14.190096297638403
1099,065620,,
1100,217190,0.3483043521120025,32.06360123396264
1101,095700,0.2777806804332696,15.133063318339897
1102,072520,0.4470619266919833,7.399659708920767
1103,122310,0.187340350259455,15.825962436940625
1104,361390,22.578717149321225,
1105,187420,0.4057582772299632,14.554493755512919
1106,225220,0.5932583971077025,
1107,123330,0.2597394822590319,24.90367090533192
1108,159580,0.2695388154613838,15.836569216915061
1109,147830,0.2211693146297509,24.269638793410753
1110,033100,0.1542700621556091,15.810045933856152
1111,079370,0.5668764577187544,57.37585901628917
1112,054950,0.3538983941863947,3.495806484903908
1113,090470,-0.022888185655116,-3.89179078266806
1114,287410,0.1703116023192257,31.606356854887967
1115,137950,0.2645532145168783,17.654077768403027
1116,033320,0.4957873748838007,34.043596097061474
1117,204270,0.0990411981251433,6.7135956083703565
1118,026040,0.0832786131096265,4.734308889292735
1119,126880,0.4414706822467996,37.726424291764836
1120,322510,0.2973642003176482,26.985922343658967
1121,033050,-0.0825639072945023,-8.418287450780966
1122,094970,0.2601948711736607,21.003107215146862
1123,058420,-0.3468465223834133,18.300885699291754
1124,089790,0.2763310814559365,18.36327115532856
1125,052670,0.1062395392771735,0.38969095906053014
1126,199820,7.875076887833539,
1127,023440,0.3042656131052819,33.24073134149162
1128,038010,0.620645360129043,35.400122235472125
1129,080220,0.3983167638050189,28.208573995748814
1130,216080,0.4025027922206847,2.4442275648158023
1131,229000,0.1080401315903874,
1132,082270,0.0751213448882763,0.7245827731301833
1133,064800,0.2994394351107119,19.71408706141477
1134,041590,0.0557367085410607,2.1928494672643724
1135,044060,0.3516546407236325,22.715038327270552
1136,034940,0.1946797243408586,7.973572226720108
1137,101730,0.4029707787749402,21.803101082571157
1138,067000,0.4812952275972335,-0.3709947370217125
1139,033340,-0.334486090551303,-19.904404711815147
1140,036930,0.3937802806353148,41.01886422673114
1141,239340,0.2869977563016767,12.272423146289535
1142,072020,0.1002130261633792,13.657010314285388
1143,000440,0.1783058374673272,10.743103573485165
1144,228760,-0.1691139874239902,-10.686462969334038
1145,314130,0.241336145584456,
1146,043610,0.5991601843865438,48.24434799076891
1147,263860,0.3774680693248025,23.48415837347688
1148,303030,0.3398548403101373,22.209380586204478
1149,036180,0.0,-inf
1150,208350,0.1841655861441904,20.09055052618096
1151,114570,,
1152,051160,0.577370955216937,45.47066646819581
1153,053050,0.1747265569305699,14.156425192975611
1154,119850,0.3473034382525102,22.210008677643557
1155,270520,0.6309205693611142,56.09976021758785
1156,065060,-0.1124253759313027,-14.14728167096336
1157,204840,0.3833995523857401,14.227436621826751
1158,111820,,
1159,115450,-0.1039013605150653,-9.328571021741627
1160,219750,0.3288423770980846,15.501321924671023
1161,018120,0.0896102707271448,24.226203932763763
1162,109820,0.1974199360421256,0.13396391046812678
1163,086060,0.1672198789253708,8.480160909308712
1164,036890,0.5933647836914698,51.5902634636098
1165,007370,0.0184518107959174,-0.28181396081631327
1166,085660,0.1421370761065222,7.967947295091506
1167,094850,0.4686013170214082,48.80612338288636
1168,004650,0.0126890960870233,-0.1019166633719889
1169,311690,0.2890940641056965,17.59294429383838
1170,278280,0.5214433895224991,65.57167333020449
1171,096240,0.2727178961136459,27.717672416275914
1172,013720,0.89216176455768,143.33364761551525
1173,066360,0.1377486980524529,2.8001590154857796
1174,047820,0.3989494299824098,19.7194064203291
1175,094360,0.4232158841572164,18.624831873815673
1176,016920,0.3671651718208902,19.78568640574486
1177,284620,0.3006223911617244,12.20152263906861
1178,293490,1.711845147466432,
1179,042000,0.4687588497002133,3.0505972843871407
1180,317530,0.267058794522492,14.630537244262438
1181,071850,0.3228105846588438,25.254369202431487
1182,180400,0.0,-inf
1183,050110,0.1102449353805127,8.879321063117427
1184,900310,0.3238126679991503,23.614481073818926
1185,078340,0.3220445220447712,37.23544819599438
1186,307930,0.3949311817277857,19.522924657821992
1187,263700,0.185072728567429,-8.433694540342396
1188,214370,0.062795734089596,-5.674590865343341
1189,221980,0.1809417246541932,30.513248001934063
1190,043290,,
1191,317030,,
1192,323940,,
1193,330990,,
1194,342550,0.0132931124340867,9.203792979013285
1195,192250,0.4467318237066796,36.31272994445154
1196,115500,0.5648084898964464,44.3784200293151
1197,089150,0.9230984070291424,96.16420371112383
1198,025880,0.5122304506076729,51.32334568793712
1199,093320,0.2000684163588608,15.534032340417593
1200,073010,0.2603384319366364,18.66583827510259
1201,105330,0.4964482898141251,19.681248480095014
1202,272110,0.4563716598858602,27.15197036936362
1203,039420,0.3568017444715881,32.87133444179677
1204,083550,-0.0446498238931287,-6.481256063850591
1205,032500,0.1367221821447889,6.570113489685438
1206,225430,0.1326970249997976,2.3397920498352844
1207,064820,0.2857212115723022,17.490796478948933
1208,347140,,
1209,256940,0.2953302142217048,-9.480330756102742
1210,024880,0.2434940266841898,17.110623069393654
1211,042040,0.8259624659042746,42.40645818489736
1212,054410,0.6314808448294252,49.36857563497519
1213,274090,0.4550076590707788,27.31276089958966
1214,217600,0.6457764591295972,39.53744983907584
1215,089010,0.4722654379422576,51.14983020465468
1216,220260,0.5868546698793965,50.1913447901033
1217,052400,0.2238335887533379,92.19206979084694
1218,033110,,
1219,046070,0.0366280150528809,-11.35440681926352
1220,047770,0.2308886947730141,11.385169410987087
1221,078940,-0.0336398534419729,-6.190731108927338
1222,080530,-0.1197028233168225,-14.85823502298793
1223,224060,0.0854610860089378,-2.7699573895856666
1224,078650,0.1637893100205095,4.676669751774226
1225,104540,0.4745770650748389,58.74360938241628
1226,027050,0.0816159962268922,3.3829082770284145
1227,290510,0.4993269274901565,-3.5300508626423572
1228,190650,0.2646240337048917,31.81710058532716
1229,101670,0.2168005403900881,19.894982258326525
1230,123410,0.2790456112653434,23.288527071995098
1231,036690,0.3994131490965442,34.157126202099306
1232,049430,0.1718741724127699,19.213374078332084
1233,183300,0.4498416953985434,55.538903068964935
1234,041960,-0.3329106171668983,-18.112716198987325
1235,089890,0.2669169564307372,22.76634549827252
1236,009730,-0.156298310320649,25.488133953207537
1237,082660,0.0977567384905992,2.0666574508397324
1238,222040,0.3627485872342878,27.064203028218763
1239,241710,0.3680961548863366,37.596302073950625
1240,069110,-0.1057079708903148,-9.047628162756304
1241,166480,0.2750068125219093,10.392624859880963
1242,045970,0.3703260446255506,26.456999321390718
1243,196450,0.0480342502860059,233.7640608768574
1244,029960,0.0645927077684503,6.279773314784921
1245,102940,0.1473747808031341,3.682298111912339
1246,950160,0.0,-inf
1247,033290,0.1221735520530673,16.656783117870603
1248,056360,0.099405621516351,5.979057276138141
1249,282880,0.1596435938563643,10.256075872156824
1250,121850,0.9659702880703654,131.8193238339927
1251,015710,0.29667641337844,34.07353404036416
1252,052330,0.1089203838634324,13.118009391978509
1253,322780,0.1342822543190931,7.6810711690646345
1254,126600,0.4046928825089638,37.148984496210275
1255,200130,0.4109825309534822,42.670575005441414
1256,317690,-1.1079053151288265,
1257,060280,0.4054421968458764,37.51540131190838
1258,040350,-0.2085730099938775,-16.49586581063896
1259,051780,-0.1333666736723007,-14.863490129512755
1260,115180,0.191754035349575,14.637929008690717
1261,043090,0.183409157301145,0.44915052974774633
1262,182360,0.2497946979178951,15.36020585999067
1263,066310,0.2238182774183568,17.129589332279267
1264,016600,0.0228736670950264,-1.7706874842835687
1265,043590,0.0,inf
1266,114120,0.0458173583340591,41.80152634572182
1267,110790,0.2957542400002063,25.1804083109176
1268,900250,0.3001097703756136,21.865193806460464
1269,083790,0.0037957658946995,-0.44367073434918236
1270,045520,0.1482700091216401,4.634753730928796
1271,036170,0.0859599562816116,-0.3923467364388739
1272,214150,0.193502884556717,18.380829219298043
1273,352770,0.0362116105877915,
1274,237880,0.0560666361034847,3.7789765926894052
1275,139670,1.0235539975328125,86.19013378320918
1276,311270,,
1277,054780,0.3064967021574893,172.93366221054873
1278,219130,0.4669605007237434,34.32530244873811
1279,065130,0.0770857378529268,1.96268732921707
1280,023160,0.1497895928751266,15.013845670800713
1281,053620,0.2299115772993268,30.553388498861178
1282,044490,0.5867006671011286,43.91756101290229
1283,124560,0.3216728852514026,19.837806486667528
1284,191420,0.3242436530161932,20.299311460938505
1285,073640,0.1674946752400508,8.686559122814913
1286,182690,,
1287,066700,0.1380984088144896,3.9576181164637827
1288,095610,0.2774576755413319,27.887650809992724
1289,131970,0.2723859206801419,-4.317786886602617
1290,089030,0.3132726646002462,29.38352810950418
1291,054450,0.4582933705034697,29.338845408215448
1292,091440,0.0995511297250969,5.400171515050851
1293,200230,0.0303081227990644,-4.116866831747216
1294,215480,0.2722607060857415,5.266818363214772
1295,051360,0.1252843201557586,8.872006333254301
1296,045340,0.9856736394609826,108.07531827754963
1297,108230,0.0961897824683466,1.4487774441401453
1298,079970,0.2223412320485931,7.632550511636406
1299,105550,0.2504064388020164,12.853283036831751
1300,026150,0.3134857377646278,25.749464342855276
1301,322180,0.2964344004827032,25.213569461403385
1302,117730,0.5145049758633368,12.553320944482563
1303,033830,0.2953878288864568,18.036722349442915
1304,057680,0.5636866763265386,46.01542308312378
1305,064760,0.5004877266748341,69.99423673541153
1306,246710,0.6919060301535068,71.50520532652926
1307,340570,0.3920111458003489,
1308,277880,0.3204778898508364,
1309,131290,0.7751476544548287,104.34660859128873
1310,356860,-0.2614052115131035,
1311,062860,0.4668631827879391,41.133913716304896
1312,321550,0.2714414137850957,16.42575510295217
1313,104480,0.2872686301616641,17.316853415490364
1314,081150,0.4293078399428578,27.8087445691741
1315,130740,0.5281668285618453,46.27166159683251
1316,084730,0.5486289269349663,45.79190276120218
1317,046210,0.4389492580582587,43.767785803655975
1318,034230,0.1451771514809819,12.207649053016382
1319,033540,0.358164022782951,10.355587252049096
1320,043200,-0.0882354982135631,-8.735954547179483
1321,214450,0.2584293768033152,27.272030329524686
1322,208340,0.2241633467951548,-5.794603639788304
1323,177830,0.2563421426901799,13.333825814096508
1324,037070,0.5278010127054574,52.303024517893114
1325,150900,0.4173791426761296,29.778469578247407
1326,037030,0.4277840870925255,29.659989439133586
1327,047310,0.1746895227705249,11.746965252321704
1328,170790,0.2468326905818502,16.020785758785497
1329,049120,0.1559223432622003,14.317089916753364
1330,038950,0.3439304957663854,27.59229946082212
1331,106240,0.4972020730670791,44.25402937252582
1332,131760,0.0762409177042929,3.9687376968933474
1333,065690,0.254644102486158,24.669265292029614
1334,140860,0.6517196470265039,110.36502739797767
1335,091700,0.1750059674145111,15.86701639261506
1336,038160,,
1337,032800,0.0759405441586754,-1.0909883850063737
1338,318010,0.0154347542018336,-4.822380121881626
1339,027710,0.4429198289292603,35.221518716429365
1340,225590,0.3298976808091078,34.09870609300507
1341,054300,0.145827950977242,7.841929510097055
1342,068050,0.739270339421075,27.517666684161707
1343,222110,0.1886685600116047,7.3557838847150725
1344,263750,0.2653409584477196,23.867891705309553
1345,251970,0.2166639981611257,21.33164243006691
1346,087010,0.1627518327460653,4.1303678976500775
1347,043370,0.3271879336939249,29.41749499327916
1348,119500,0.4409610813581178,32.49410753517016
1349,016670,-0.0991741083568933,-12.89913837994268
1350,056730,0.0,inf
1351,022100,0.320139902216326,28.801909988480983
1352,009520,0.4976742832410183,40.3592970428166
1353,189690,0.2020767690902981,15.357055486376277
1354,318020,2.6433397456528978,
1355,256630,0.1604942017951494,9.536352288991353
1356,141020,0.0,-inf
1357,290720,0.1685117316752334,13.309068454491946
1358,005670,0.2385258246170828,16.68729614970264
1359,094940,0.1541526214054829,-0.34937724560559263
1360,007330,0.5491343847775414,64.95170285267385
1361,093380,0.3239617718577046,23.224467911084872
1362,023900,0.2968133632238434,27.519431034285095
1363,195440,,
1364,214270,0.1404921291486619,8.211261167175598
1365,220100,0.4562027065382724,17.716405247611842
1366,035200,0.3584917455462518,24.73089489798213
1367,334970,13.287767763811107,
1368,203690,-0.0889990786174827,-7.820339624208241
1369,053610,0.4278471562778516,20.598471479804925
1370,335810,-0.7254234187132137,
1371,053160,0.7022579856894233,43.53613178251672
1372,075130,0.2713780574813977,28.416102314242657
1373,237820,0.3826091509918824,9.268400545522725
1374,023770,0.3130175220957815,-7.873244016308589
1375,300080,0.2894829010836833,19.3367216561857
1376,032580,0.2821218219102694,15.20268847176965
1377,051380,0.2174377854060011,8.752194419490044
1378,241820,0.5319686749886957,28.198461151164814
1379,237750,0.3590636066511202,30.895263538296366
1380,131390,0.4057793504164406,41.77606060201091
1381,024850,0.4631549686669079,23.705674856043768
1382,319660,0.4120150555556818,41.0538215127342
1383,031980,0.142981229799553,20.257802776272207
1384,002230,0.3197209166401578,36.33222292387233
1385,239890,-0.0665078185733561,
1386,347740,-0.1888525815701063,
1387,137400,0.5553359510556892,70.52407536916411
1388,128660,0.1836559293693702,24.08062524204525
1389,006140,0.3483379624504656,29.888448457841854
1390,304840,1.26244720720183,
1391,062970,-0.016373789457021,-4.048152758733933
1392,087600,0.4502487601884176,46.30780417936005
1393,057880,0.4761999469715153,2.5115808190601827
1394,161580,0.1597863699142405,12.064965979154207
1395,347770,0.2983691870495367,
1396,163730,1.3255105824487938,
1397,332710,,
1398,341160,0.020592508843637,10.625480682679477
1399,343510,0.0062512161907858,
1400,363260,-1.377530903599988,
1401,299030,25.783369683892342,
1402,067310,0.5143217621834313,45.92946115234947
1403,372290,-4.065790521590682,
1404,307160,,
1405,166090,0.4790619746997999,54.92419823549448
1406,136480,0.1408022430795587,14.362000937484414
1407,003380,0.2801743409129511,30.10749837100239
1408,149980,0.3360863161667771,25.863704443990944
1409,013030,0.2392531751507305,18.57776439768559
1410,126700,0.2952776867177994,24.55251780196011
1411,106080,0.0,-inf
1412,340120,,
1413,221840,0.2318389024181371,19.78976654401793
1414,106190,0.3919866314764287,21.58250210395145
1415,066130,0.4491211849334637,42.86214136629191
1416,368770,-1.5915790598734398,
1417,004590,0.2994996707227897,31.816111361364094
1418,039340,0.2669226990123536,27.3091586234473
1419,034950,0.1761447516902557,28.409132364528972
1420,222980,0.5185033697112407,45.778617211296755
1421,318000,0.3550181046259089,20.354761499800354
1422,256840,0.7754752254090365,64.08646301565808
1423,025550,0.2661602186205759,21.31831142748114
1424,023890,,
1425,017890,0.1344595303550456,8.232606933239916
1426,080720,0.0824322139002295,-3.925939471715406
1427,063570,0.1638643858418098,14.255819243865963
1428,041460,0.4059244052617206,27.695714719489715
1429,101680,-0.1693456616195486,-12.592137815757603
1430,039740,0.251160236151225,16.146585829558855
1431,053300,0.4799557625193675,27.968914748220232
1432,025770,0.1400578083062432,9.17963617950722
1433,310870,0.0206131666040906,5.785980645203793
1434,023760,0.2222771380269583,40.01761799192047
1435,054040,0.413619022073218,35.67819249332468
1436,050540,0.0,-inf
1437,021650,0.4540030180649469,46.91971076600328
1438,053590,0.1914236648055383,-0.13049916720706156
1439,032300,9.405461831188862,
1440,037230,0.5633985433225556,29.927716874750008
1441,030520,0.3082007842805929,30.759979929687578
1442,052600,0.7511136167342131,84.17893740316909
1443,256150,0.382399340387332,48.41317534950329
1444,092460,0.1983042358294347,16.941664829149147
1445,047080,0.4958511377340058,38.92339464383174
1446,070590,0.0697470335020712,-4.673156710244534
1447,226440,0.362572941783551,17.240863143306008
1448,042520,-0.094934302737902,-9.317606245052305
1449,078350,0.1552158221091664,17.478117496316422
1450,045100,0.3414674810068671,42.25106906492049
1451,046110,,
1452,024740,0.3861814657869323,16.79051058072523
1453,005860,0.1206149797361627,14.291281847521818
1454,123840,0.3081939178054684,10.805974451063532
1455,007770,0.3391503484246383,27.661356636648673
1456,079170,0.2648746052760344,21.25069034117035
1457,086960,0.3082682948320548,32.67442095854779
1458,054920,0.6500596941830482,118.64405770866192
1459,002680,0.0399157042386888,-4.298346713460398
1460,066110,,
1461,317320,,
1462,340440,0.0133749160571172,7.139510774008185
1463,220630,,
1464,034810,0.3427901971272672,29.043149694677226
1465,076610,0.1268470344091345,1.0899016077249624
1466,220180,0.0503365026292519,2.912105274982364
1467,008800,,
1468,900270,0.0272931975075748,-0.34624471665918916
1469,084990,-0.1565213739859909,-13.110538636207515
1470,170030,0.5541138912456981,36.33902761904792
1471,319400,0.304488655815851,32.25600150087265
1472,048410,0.8233318727342503,55.13492742826126
1473,052260,0.0529639234418018,-0.2791407566454028
1474,016790,0.2127363582710888,16.475754583728214
1475,039010,0.3339568455453469,45.51621017845228
1476,092300,0.3259538282761907,26.380306573146008
1477,053660,,
1478,011080,0.7768716884282225,58.516618794085545
1479,060560,0.1247628439884827,1.1230549197072637
1480,064240,0.1078953148509506,4.74947582181682
1481,039610,0.2961578912509146,25.71588297769204
1482,126640,0.4893072572690281,46.35028613943502
1483,061250,0.2173232987841639,-9.68611523012928
1484,097870,0.2397467176784859,15.09818987685751
1485,050090,0.5726759746863461,29.964961033859705
1486,290270,0.3394546661991469,22.233042414512568
1487,090710,0.3027680100300393,9.551659261172452
1488,205470,0.5303057212966946,16.946579290362838
1489,115160,0.2865897538717216,14.208741287616645
1490,028080,0.2800518805469616,15.774396736561295
1491,032860,0.8438808154108164,792.9197019270619
1492,200670,0.1936693942074694,14.108725794177321
1493,065510,0.1008782091772416,12.164506037812108
1494,243070,0.1502903040494309,12.7017132368067
1495,084110,0.1211644545135471,8.632510954321075
1496,145020,0.2357337039589911,-13.830697140752536
1497,024060,0.1960455111160897,11.044058230120436
1498,010240,0.5598416581795056,66.73919052213897
1499,189980,0.7704923101487057,78.23300362255942
1500,037440,0.1312478740644434,21.845019094517546
1501,238490,0.2858353458470047,-3.015239009410092
