,종목코드,회사명,NCAV,PEGR,PSR,유동비율,부채비율
0,058820,CMG제약,0.2163331921279649,18.310179539870166,9.448378683525986,1069.54,7.85
1,000990,DB하이텍보통주,0.02865332607895537,4.113681114476702,2.670784366612537,174.09,48.29
2,050120,ES큐브,-0.02191563994802156,-0.0,2.2925468035520735,90.15,12.4
3,023150,MH에탄올보통주,-0.3018969554376066,-0.0,1.2533292013963548,117.69,69.27
4,002360,SH에너지화학보통주,0.36123714892883807,-0.0,1.1435263502419795,917.82,29.79
5,009160,SIMPAC보통주,0.1766953469942262,-0.5710314893939454,0.7791317918165905,125.85,51.22
6,100840,SNT에너지보통주,0.7798734091473557,0.07389302856927787,0.5777129744207388,257.09,40.37
7,036530,SNT홀딩스보통주,0.07313258629069856,0.02414887063917077,11.949311943896232,8808.28,0.07
8,002710,TCC스틸보통주,-0.5072977923455124,-0.5779971092714175,0.3207135900567354,92.8,165.86
9,079940,가비아,-0.0919517293804637,0.7534612655234508,3.2837712560650454,80.56,68.07
10,035250,강원랜드보통주,0.20227687157402327,-1.5799257314650026,11.336079690036225,452.28,12.06
11,002100,경농보통주,0.15763640308059443,-4.703216375199555,1.7808565995593393,158.64,51.62
12,009450,경동나비엔보통주,0.022822286820865845,-2.573253652568193,0.9278541613908166,125.21,90.27
13,012320,경동인베스트보통주,0.3508854741576587,-1.5158193763152992,12.468501986755149,3110.59,0.47
14,000050,경방보통주,-1.0657341343310802,0.5442069494718638,1.600806699047165,30.22,59.64
15,214390,경보제약보통주,0.14118594819394908,-2.16985802115874,1.3492270664468156,147.38,62.27
16,012610,경인양행보통주,-0.10940949077837389,0.502168804617631,1.2911415159996313,107.54,101.53
17,198440,고려시멘트,0.12427024519761361,0.49615783571929795,1.781651448356442,367.97,24.88
18,098460,고영테크놀러지,0.09554355122667917,-96.87423429614788,10.052708622467891,715.4,19.97
19,035290,골드앤에스,0.06132568070915917,-0.0,11.421165148590655,429.98,42.42
20,215000,골프존,-0.025931395523641928,-1.468979781040482,2.0119306820244063,147.28,52.27
21,121440,골프존뉴딘홀딩스,-0.1689961922161433,-0.0,5.313521204224225,372.85,20.05
22,017040,광명전기보통주,0.40781179540809964,-2.4416242004094775,0.9261655299193371,205.86,51.25
23,029480,광무,0.1348195783483478,-0.0,2.013387068901033,191.88,53.17
24,037710,광주신세계보통주,0.20744469026548673,3.318023733773643,1.8385443501369416,201.12,12.34
25,053270,구영테크,-0.35049011980706396,-25.063564573075404,1.515064973067305,83.14,157.34
26,005320,국동보통주,0.12511443570162123,-0.0,1.0329671593507472,141.94,103.36
27,066620,국보디자인,-0.05774099616858237,0.587285140091776,0.6427026409414893,98.2,63.17
28,006050,국영지앤엠,0.13415592230642812,2.302943034976633,1.5446128436306215,215.19,37.28
29,083450,글로벌스탠다드테크놀로지,0.27134255908864896,0.170267689130381,1.3177219656179051,370.18,22.81
30,214330,금호에이치티보통주,0.2780555783260923,-0.0,1.5486612904722483,173.94,46.97
31,036190,금화피에스시,0.6232829977628636,1.2925750370585958,0.8688468827445462,568.01,11.04
32,013700,까뮤이앤씨보통주,-0.31166615191150876,-0.28562808059864203,0.6128106560975508,105.83,100.83
33,121600,나노신소재,0.168097854688925,-121.90823927887105,6.304570740252316,718.63,15.51
34,089600,나스미디어,0.24990227146077135,1.2634883096010046,4.395589329498649,155.21,115.73
35,130580,나이스디앤비,0.18186318631863185,0.6318782237850162,2.5793933765609527,302.07,26.38
36,034310,NICE보통주,-0.22350865330733713,-1.1427396734003967,16.618027500578645,12.19,51.5
37,008350,남선알미늄보통주,0.04214510720455238,-2.7603733871140603,1.6128273533849224,190.3,59.1
38,004270,남성보통주,-0.16598962173592466,-0.0,2.147372217243261,86.16,104.57
39,094860,네오리진,0.03030060405490761,-0.0,11.86603361132234,575.17,19.24
40,212560,네오오토,-0.16985321988357932,-0.8461561893112307,0.5723638841181652,106.22,74.64
41,095660,네오위즈,0.18181148162586866,0.6317436291641331,2.2986786533986256,340.12,14.14
42,092730,네오팜,0.3553713905947552,0.396237731464268,3.3800230961382756,753.01,13.14
43,153460,네이블커뮤니케이션즈,0.4427199914020834,-0.0,3.420299636732334,844.26,10.64
44,033640,네패스,-0.05530020620688467,1.7524367842012472,3.2341637488714743,192.41,80.64
45,005720,넥센보통주,0.12387069116082629,-0.26591229431322916,0.7129377938850142,165.24,17.01
46,089140,넥스턴바이오사이언스,0.3105765230599549,-0.9076581747696569,21.344530098092115,3228.57,2.67
47,137940,넥스트아이,0.190247693054881,-0.0,5.597243024792526,160.47,37.25
48,160550,넥스트엔터테인먼트월드,-0.04817556690311949,-0.0,5.734042110178907,81.97,64.74
49,225570,넥슨게임즈,0.12403897717611667,-0.0,4.696026150434977,534.38,42.22
50,090350,노루페인트 보통주,-0.1693181818181818,0.4626356067873124,0.39638639746024423,116.03,94.44
51,000320,노루홀딩스보통주,-0.005849254351810107,-1.164768201859527,8.956489084378251,324.26,20.43
52,006280,녹십자보통주,0.045093520056966534,-0.0,3.431447121223106,188.14,69.3
53,005250,녹십자홀딩스보통주,-0.1991097850426803,-9.594668989277825,20.802603522244475,32.24,71.31
54,004370,농심보통주,0.11040227785413151,-0.793156177974822,0.8189338495512182,157.85,25.8
55,072710,농심홀딩스보통주,0.007085066248494353,-0.422792116533595,18.24727909387803,1323.32,0.79
56,069140,누리플랜,-0.23310804315165712,-0.0,1.3936600501199723,71.07,77.72
57,040160,누리플렉스,-0.01789471285004371,0.8385219898726876,1.2741840599717993,141.03,61.47
58,060260,뉴보텍,-0.05676858196227489,0.5909685258555981,1.1738327363981673,164.11,141.26
59,144960,뉴파워프라즈마,-0.1071110189319099,-0.8189487508804423,3.3419663763605576,271.98,61.83
60,119860,다나와,0.21897004572943835,0.48976020187421,2.7114733682694254,899.43,10.14
61,023590,다우기술보통주,-0.06830938334267163,0.26487747020632785,4.930257268993598,135.52,75.29
62,032190,다우데이타,-0.15478337140992168,0.16594777778489864,2.4549806702321986,95.07,161.91
63,068240,다원시스,-0.058411765183567076,-6.053250250838396,1.9901103284715858,112.33,162.53
64,019680,대교보통주,-0.08551700252062265,-0.8641778261216881,0.6201333355209115,129.98,39.58
65,008060,대덕보통주,0.6889162023614258,0.34827414901726395,40.30780830313183,3981.31,0.78
66,048470,대동스틸,0.727741935483871,-3.0014079245433694,0.5246431862201244,345.59,27.71
67,004780,대륙제관,0.5210092815737442,-0.617903111334617,0.4406273153584456,269.46,45.43
68,017650,대림제지,-0.10465686274509804,-5.14540897627875,0.9507756122948343,216.75,30.84
69,036480,대성미생물연구소,-0.030006835269993166,-0.4269542684468873,2.949477843635347,518.92,71.47
70,025440,대성엘텍,-0.16197527152467212,-0.0,0.4547413038841786,105.18,210.1
71,104040,대성파인텍,-0.02089638071277347,-2.0096689271538453,2.687454162147966,112.52,61.33
72,009190,대양금속보통주,0.340520477104012,-1.6195790817073001,0.8533391412150051,259.26,53.44
73,003090,대웅보통주,0.0158643832446193,0.4885817937396632,21.701702424436874,599.24,5.98
74,069620,대웅제약보통주,-0.1524589316076312,-9.550879648553348,1.6372632844386679,128.7,106.02
75,007680,대원,0.9663719093406593,-0.2888716871277644,0.7974912541593127,215.89,57.81
76,012800,대창보통주,-0.37937977766524394,-1.5264663467407906,0.3937048043767271,95.93,149.32
77,131220,대한과학,0.1277422016029101,-5.676340571673113,2.262513460015864,280.72,25.99
78,016090,대현보통주,0.9221038579263117,-0.20486777000829973,0.3935054937025868,363.66,24.26
79,021040,대호특수강,0.010434547597698697,-1.5063139713341045,0.4201026390710598,131.52,131.81
80,012510,더존비즈온보통주,-0.09399066432602218,2.7678538725110555,9.807687144812608,101.56,103.03
81,004830,덕성보통주,0.05253101240496198,-40.870651595368145,3.7275905467766837,176.76,59.11
82,263800,데이타솔루션,0.15587083877931238,-0.0,0.9875000895023481,136.36,170.06
83,206560,덱스터스튜디오,0.14233221179387284,-0.0,8.43710523843179,420.75,19.66
84,145720,덴티움보통주,-0.14963806108987585,-1.942224516053469,3.9672338475646294,89.37,120.88
85,002150,도화엔지니어링보통주,0.0801981183561531,0.11975413357242243,0.47808360122285704,118.75,65.19
86,006620,동구바이오제약,0.2144182348263981,-0.6019405271426244,0.7588495575221257,178.61,52.51
87,075970,동국알앤에스,0.022043706693063277,3.916133128482756,1.6447345763083783,155.21,60.87
88,100130,동국에스엔씨,0.31402834060346385,-2.4707637249017154,2.402976759764134,369.09,19.83
89,004140,동방보통주,-1.0141804102602285,-0.0,0.48390573660392744,50.12,383.74
90,007590,동방아그로보통주,0.8807061324850253,3.9948818456059896,0.7328260821488712,412.76,38.51
91,026960,동서보통주,0.1902678453704692,4.603822961130773,7.221640334351375,1494.65,8.79
92,102260,동성케미컬보통주,-0.19696004404593362,-0.9624420970298408,1.1957208727628441,75.3,50.07
93,033500,동성화인텍,-0.01683364628333574,1.0871686291501572,0.9836138136125185,103.39,119.56
94,088130,동아엘텍,0.7046799447322536,-0.3901256903459323,1.0967320000000036,345.77,22.58
95,028100,동아지질보통주,0.4706115235065394,0.5836730849183478,0.674324959955252,179.02,74.71
96,001520,동양보통주,0.31060237100584737,-0.0,0.7439388858496043,206.03,16.84
97,084670,동양고속보통주,-0.7682960026337879,0.028340367939749315,0.8280593370424119,18.56,57.0
98,060380,동양에스텍,0.24099492385786803,-0.6545147116090899,0.3604309070417637,190.89,77.92
99,088910,동우팜투테이블,0.4781189908016568,-0.7699164295336184,0.32038657562819906,431.88,35.95
100,094170,동운아나텍,0.09559218777996775,0.6541362304587561,2.5253710219318837,278.95,135.04
101,013120,동원개발,1.7688309092837158,-1.2239444980859233,0.7775948279142965,711.58,18.23
102,049770,동원F&B보통주,-0.1916726905116701,1.6226700574964332,0.41705199329915543,245.12,101.04
103,032960,동일기연,0.7504061626467664,-0.9661602327620685,1.8465558764054157,1146.59,6.62
104,005290,동진쎄미켐,-0.0466329775492062,1.0446089894791282,2.464947453377239,113.14,105.81
105,000150,두산보통주,-1.8189712200405639,0.07604254042863608,0.532722119830689,76.37,104.04
106,131970,두산테스나,-0.24643456315691364,0.2638461628767164,5.262566222579419,41.53,103.78
107,016740,두올보통주,0.08500443783779883,-0.5970243934300138,0.584781000928355,188.99,74.39
108,217620,디딤,-0.6576410662509858,2.1906448379239323,1.0087740881259264,55.37,1471.61
109,016670,디모아,-0.2010275418446593,-0.0,17.21985082028215,81.26,109.66
110,187870,디바이스이엔지,0.26765063678961915,-9.35189309527399,2.1108767378916315,221.91,59.42
111,066670,디스플레이테크,0.552816310233049,1.310298700962532,2.5257954067633053,567.36,10.03
112,003160,디아이보통주,-0.046343829857014664,-23.203780161769597,2.1551538467957916,147.97,63.21
113,092200,디아이씨 보통주,-2.129475620076818,-0.0,0.34970540471935535,36.56,4908.25
114,078590,디아크,-1.006576562750009,-0.0,8.173343598005124,14.12,318.17
115,004840,디알비동일보통주,0.002605268431717473,-0.36931958682469745,1.2380474536398969,120.73,50.3
116,263720,디앤씨미디어,0.09740169545710096,23.340442207280383,8.237057813635085,539.89,20.56
117,109740,디에스케이,0.137951852690363,-2.1064760082510383,4.129179742918755,148.37,38.59
118,196490,디에이테크놀로지,0.3038574628955475,-0.0,4.280113737452451,310.8,21.86
119,066900,디에이피,-0.42559558396281233,-3.286944432192197,0.3426695547222408,100.49,113.39
120,092070,디엔에프,0.12020275162925416,-2.574017908097441,2.8730994119415727,298.05,13.6
121,007340,디엔오토모티브보통주,0.13882257555965946,0.38517070171420753,1.8530809137413018,279.71,8.41
122,068790,디엠에스,0.25886841347538153,-0.5049144484026612,0.9323678707801166,134.07,75.36
123,039840,디오,0.06635828818900082,8.529241052242956,7.529368292081155,159.17,79.7
124,068930,디지털대성,-0.07962831064139882,0.3882223652342866,2.4133893058633458,59.33,57.14
125,033130,디지틀조선일보,0.3678773517283253,-3.5756750475421657,4.177085422699232,906.52,7.41
126,187220,디티앤씨,-0.5028618353804516,-0.0,1.8459301455741333,66.97,87.22
127,131180,딜리,0.44906113423146826,-1.2305060768964013,1.910613258867185,886.96,10.93
128,171120,라이온켐텍,0.23557722279715224,-0.7671492593613787,1.2099664348915025,267.92,23.48
129,069540,라이트론,0.1646351657975399,0.4764747693574171,7.285680636891458,317.7,38.02
130,115390,락앤락보통주,0.03572237079897629,-1.6478043622058267,3.666980871600328,242.91,13.93
131,084650,랩지노믹스,0.2627169420438505,60.765349312584725,1.6498560631319739,318.4,33.64
132,217500,러셀,0.16413097582617353,0.4041622065031038,6.344926879505675,1166.03,7.23
133,038390,레드캡투어,-1.3767503962137166,0.3188112622583849,0.8239650189842009,21.4,168.63
134,228850,레이언스,0.6990370865646002,-37.32324632794224,2.352349179142206,1393.04,7.94
135,215100,로보로보,0.15113028896685105,1.436219144629337,21.26399885088969,1388.89,5.02
136,090360,로보스타,0.17424212917883805,-0.0,1.7746605431309992,178.91,72.0
137,067730,로지시스,0.10008598120006569,-0.0,3.150730995647338,281.03,46.49
138,085370,루트로닉,0.20159697287951803,-0.0,2.870639006073282,219.95,66.44
139,060240,룽투코리아,0.3478427013131383,-6.462522105889162,2.8012251112279256,955.37,7.5
140,039980,리노스,1.1684086090039267,-0.0,0.5796814873591686,467.7,25.52
141,016100,리더스코스메틱,-0.5940865798663658,-0.0,1.9881519663995277,25.04,172.26
142,012700,리드코프,-1.9157627745134278,0.7294626964387746,0.7331344055543293,77.99,141.45
143,042500,링네트,0.5764092094045474,0.3348303891636368,0.6522056413437716,204.54,79.32
144,219420,링크제니시스,0.36748743718592963,-3.516613784190386,6.192143134966939,451.29,25.32
145,027740,마니커보통주,-0.5016147154638155,-0.0,0.656949943464937,53.33,164.39
146,147760,마이크로프랜드,0.15574280486188716,-0.0,1.8236324860362578,234.38,38.39
147,038290,마크로젠,0.03453199784927913,-0.0,3.7593773013453515,170.09,54.58
148,093520,매커스,0.4247940387960128,0.29230069059124897,1.0845142235691902,201.5,64.84
149,067280,멀티캠퍼스,0.091444997604516,0.7726302028418311,0.7655352976586774,167.83,63.15
150,041920,메디아나,0.3328730723225252,-3.4234138418492495,1.8554171678806155,676.93,12.34
151,086900,메디톡스,-0.09022486361821971,-1.6144210822542615,9.140971559000732,100.95,93.9
152,241770,메카로,0.39002197944275646,0.4775176605915135,1.7321842587797358,664.33,9.84
153,059210,메타바이오메드,-0.07202978449189688,0.25594790578375115,1.4257756148276106,108.59,104.73
154,096640,멜파스,-0.32421683984530597,-0.0,1.3915701466080581,30.08,97.94
155,012690,모나리자보통주,0.09418721375243114,-3.333448941409172,1.6329380236658178,281.52,28.23
156,005360,모나미보통주,-0.5504441477237525,-0.0,1.0616578648233521,70.81,114.08
157,080420,모다이노칩,-1.1710776843625708,-0.8365209232995586,2.121546042007333,52.65,119.76
158,080160,모두투어네트워크,0.017998994469582703,-4.15253475427862,9.7838002436057,262.32,129.68
159,101330,모베이스,0.11861165879245564,0.2108615780573468,8.514756710802247,260.89,29.37
160,012860,모베이스전자,-0.8463133327905777,-0.0,0.3031917355072715,76.4,293.31
161,009680,모토닉보통주,0.7838873106060606,-1.334616100050594,2.365617894465701,1560.33,6.74
162,006920,모헨즈,-0.012711169427587338,-4.462593101922168,1.844722493617877,152.01,53.84
163,033920,무학보통주,0.05506425948592411,-0.29700817724764483,1.4417117017756989,123.29,13.92
164,218150,미래생명자원,0.17630970823380546,1.7806727038908106,3.036761307368884,642.01,10.77
165,049950,미래컴퍼니,0.12799373973614311,1.304335782281222,5.019604254416744,262.93,26.62
166,059090,미코,-0.09873008996777774,0.744124744261755,9.59973039442714,76.53,162.89
167,201490,미투온,-0.12595041939883053,0.4650619412615984,12.536049443795076,19.22,58.35
168,035620,바른손이앤에이,-0.11959586257192917,-0.0,9.809580316704883,308.93,22.91
169,064520,바른전자,0.07888741001124377,-0.0,3.231016988874396,226.23,24.76
170,208710,바이오로그디바이스,-0.19398464047246913,-3.1042855056838743,1.0343819895052737,128.57,218.89
171,038460,바이오스마트,0.15548881296153422,0.022916256665649032,1.812000732283748,271.18,13.74
172,086040,바이오톡스텍,-0.022034375502761838,-0.0,5.872156140765477,100.07,86.88
173,043150,바텍,0.15654459753444525,1.2115647580614326,2.9520819694814024,278.05,37.86
174,267790,배럴,0.2540825297028036,1.2283447435769774,2.9872086422613755,744.56,22.53
175,035150,백산보통주,-0.02062359128474831,-1.0693831689151607,1.170269927022988,119.74,80.1
176,177350,베셀,-0.19430350838446195,-0.0,1.0047856850192178,73.9,155.6
177,007210,벽산보통주,-0.14533941158832528,-0.0,0.7324431871056777,93.6,63.5
178,225530,보광산업,-0.019502632145046005,-2.410651651222138,4.330144628282426,228.67,69.79
179,250000,보라티알,0.24304014145442232,-0.9567560897368058,2.407482219681193,200.56,49.41
180,002760,보락보통주,0.055635712613027744,-5.019103278713513,3.457002585329045,419.3,22.97
181,003850,보령보통주,0.008302739599667928,13.268005871224654,2.0022273730480653,265.18,86.69
182,226340,본느,0.19503566664733515,0.21973178678245825,4.233993800696139,211.09,57.29
183,008470,부-스타,0.875720346946873,-0.8547101022307092,0.5255297626148167,425.95,21.43
184,014470,부방,-0.019214580041058058,-0.0,55.43096451084732,477.58,7.27
185,100120,뷰웍스,0.229713201707311,-4.721976617221534,2.444009958923892,465.84,14.0
186,064480,브리지텍,0.2589103675569378,-0.0,1.1541014303118105,281.19,26.58
187,251630,브이원텍,0.26255253403187967,-0.7281497954501961,5.165989850550341,623.63,10.6
188,033560,블루콤,0.2001757404898766,-1.3194533382097617,2.5175547027376197,356.36,9.49
189,100220,비상교육 보통주,0.5320937613999517,-0.31345825510634595,0.6289435630396888,238.81,25.84
190,200780,비씨월드제약,-0.10706492913586713,-4.381464703503669,2.5937733043099893,115.89,71.08
191,141000,비아트론,0.6010686516564101,-0.9683692003979618,1.486109307572673,323.1,26.65
192,001460,BYC보통주,-0.4860382569368501,1.679798864422474,1.341141888994538,100.24,49.19
193,138580,비즈니스온커뮤니케이션,0.09263683711204476,4.856070551567977,15.91846070393933,770.72,6.45
194,027410,BGF보통주,0.500775736800924,-0.4295404233405609,12.995074950324561,4111.19,2.73
195,082920,비츠로셀,0.21356806063543823,-4.9701392328146055,2.829505103222258,886.36,20.71
196,054220,비츠로시스,-0.05367185239067352,-0.0,17.18422977688661,1.72,0.0
197,042370,비츠로테크,-0.033245595607346905,-0.5710707854755527,6.420265252691092,91.68,34.75
198,032850,비트컴퓨터,0.033798036932290804,2.2003389149090298,4.203366863024987,205.3,28.67
199,093190,빅솔론,1.180297450509182,-0.7279307247969957,1.45166283181822,1089.8,9.76
200,005180,빙그레보통주,0.2405247344044712,1.020119051039507,0.6502154045766035,262.83,21.02
201,143240,사람인에이치알,0.14373084214168408,0.43844532593221663,6.018037093084739,464.51,14.58
202,003960,사조대림보통주,-0.3206901734451559,0.012436132738256419,0.15313809448183863,115.88,96.64
203,006090,사조오양보통주,-0.03155547766483623,1.4925086338509306,0.3134959453148611,115.32,72.49
204,122350,삼기,-0.9583399032902344,-1.5203440413188303,0.4667596740817108,69.15,195.01
205,023600,삼보판지,-0.05240373661426293,-1.5789859579938386,1.4041991601679698,127.77,27.47
206,068290,삼성출판사보통주,0.03153695652173913,-20.764831469616308,8.103727714748786,600.71,20.3
207,145990,삼양사보통주,-0.3515833281339847,-0.6110259748035236,0.3889264069335049,222.2,82.39
208,225190,삼양옵틱스,0.14453946476490134,-1.3349441616366908,2.558690566918169,615.56,26.15
209,272550,삼양패키징보통주,-0.3181269264873538,2.2958853605660496,0.9664718733081439,111.88,83.43
210,000070,삼양홀딩스보통주,0.1583968038760231,2.15557981056821,7.030595695636939,1018.4,16.9
211,023000,삼원강재 보통주,0.6132430555555556,-1.4150679871934666,0.5853920297249063,330.95,21.25
212,002450,삼익악기보통주,-0.7857706425165517,0.3690052788973646,1.3509697295369059,47.1,106.91
213,032280,삼일,-0.8206782304768525,1.1751590781584453,0.442988953732227,60.31,85.03
214,002290,삼일기업공사,0.8323293172690763,0.2727170361180276,0.9545538861064826,820.92,13.68
215,004440,삼일씨엔에스보통주,0.35452974185267394,-1.3625043465451019,1.1598072867346376,322.17,17.68
216,032750,삼진,0.4184356725146199,0.2025108330090105,0.5839515764131391,391.44,18.93
217,004690,삼천리보통주,-1.570802166623678,2.4084545380214615,0.13274113650484012,170.47,116.61
218,038500,삼표시멘트,-0.5186342510523364,-1.1834267210919234,1.1580362493794976,80.03,83.24
219,046390,삼화네트웍스,0.07902835939327502,-5.17141662377999,7.817257499104586,1461.64,17.5
220,038540,상상인,0.03182598771954253,0.17976655336181932,3.7547635758440143,162.87,10.56
221,101000,상상인인더스트리,0.2647705982453869,-0.0,2.347770699175841,332.02,58.27
222,089980,상아프론테크,0.033796511382354184,2.389638006658552,7.551303197499615,257.5,53.94
223,042600,새로닉스,-0.1439388857834917,-0.0,2.1388882562050955,71.64,71.07
224,038070,서린바이오사이언스,0.23304383238632728,0.5075991741540792,1.6032892115637343,312.53,26.38
225,006730,서부티엔디,-2.220548989706443,-105.23253032617285,5.426579696807572,46.9,180.73
226,079650,서산,0.42434701492537313,-0.0,2.4440290000455978,724.12,13.73
227,007860,서연보통주,0.03750639760181326,-0.0,41.99265928769272,1914.12,1.11
228,200880,서연이화보통주,-0.38277394066672227,-0.0,0.2575888803372323,98.9,84.25
229,063170,서울옥션,-0.016258793529474434,-0.0,10.750397162596851,196.94,152.63
230,018680,서울제약,-0.13717518363731512,-8.502876617563734,1.437835955544496,140.58,125.59
231,021050,서원보통주,-0.2421010060158738,-1.758779722462172,0.6096365135296307,93.49,133.0
232,093920,서원인텍,0.8590654385747525,-0.8794906998602013,1.2302962548910068,885.75,9.7
233,189860,서전기전,0.21762857878177186,-1.3776313097053559,0.6478810955243851,159.07,40.24
234,178320,서진시스템,-0.10024766120800341,-0.8443617093433725,14.394290612467872,137.16,130.51
235,122690,서진오토모티브,-1.9194005469697053,-0.0,0.42966351257303975,36.36,297.39
236,140070,서플러스글로벌,0.1708774379063177,-2.122183556314654,1.7108355093710865,282.77,62.38
237,011370,서한,1.2994214768186818,-0.3498933677684115,0.331647506934776,358.93,70.96
238,008490,서흥보통주,-0.03266168455737827,2.743619500309659,1.530674440155042,125.26,74.26
239,035890,서희건설,0.7621920616784307,0.2099420867677471,0.2976734345291825,174.47,92.22
240,003100,선광,-0.3860626639913567,-0.9752475341620447,2.4979116600054154,72.35,36.59
241,002820,선앤엘보통주,-1.8145188066931381,-0.0,0.30542767277428723,70.65,108.06
242,171090,선익시스템,0.33014256767062,-0.41941459404445197,2.1157241736965924,402.98,17.3
243,136490,선진보통주,-0.3142220839813375,-0.9300663659140243,0.43229272027683946,71.63,108.01
244,014620,성광벤드,0.8587651664574741,3.470114244545805,1.39278260404219,1467.21,7.75
245,037350,성도이엔지,-0.04605138758800223,-0.0,0.2680208609564226,112.01,74.0
246,015750,성우하이텍,-0.22060351882160392,-3.2504077344211635,0.4243015040654994,124.48,85.82
247,080470,성창오토텍,0.08995094114393024,-0.0,0.9571669430239583,143.58,113.01
248,011560,세보엠이씨,1.3991867099211732,-0.0,0.10707607699358389,166.59,102.85
249,001430,세아베스틸지주보통주,-0.4602550650740633,-0.911739023053207,0.47709337759482,147.57,77.02
250,003030,세아제강지주보통주,-0.19394404154159636,-0.0,17.158293285714343,25.44,8.61
251,019440,세아특수강보통주,1.0625215889464594,-0.4718806832102319,0.25158173181882737,319.05,39.28
252,058650,세아홀딩스보통주,-0.37573163507109003,-0.36437516796179803,4.7223387886417685,4.85,13.63
253,013000,세우글로벌보통주,0.4984384900226134,-18.309291319057795,2.5827417517851132,958.95,9.57
254,100700,세운메디칼,0.25572665070618067,5.131646866387944,3.449970676397787,679.85,9.31
255,024830,세원물산,-0.6995690148365689,0.07729448520861988,0.33659413312792896,84.72,53.67
256,067830,세이브존I&C보통주,-0.231016731016731,-0.9790528675150516,1.1073361885127315,121.54,23.74
257,039310,세중,0.49741453600953334,-0.5764907436590564,15.947810158926409,483.81,11.92
258,075580,세진중공업보통주,-0.31033921125781794,-2.9937542659281835,1.3781892541602008,70.72,145.95
259,053450,세코닉스,-0.7826774555509523,-0.0,0.2982847434090725,71.93,332.67
260,068270,셀트리온보통주,0.02132454668903267,11.029890143104451,25.93019043790739,254.75,39.75
261,068760,셀트리온제약,-0.0030889662490459257,21.35249331471697,22.9984548397041,124.87,82.35
262,091990,셀트리온헬스케어,0.07525016813350043,-11.951226069260297,9.763009021350303,214.12,79.24
263,068940,셀피글로벌,0.054520289217771176,-0.0,5.013875302707584,195.96,108.52
264,066910,손오공,0.17088965243828488,-0.0,0.8843304386985493,169.2,127.27
265,035610,솔본,0.046849696832749595,1.8814103405226703,74.98718748094365,2604.06,2.11
266,086980,쇼박스,0.2909609240599656,-2.493464773770098,6.5367562010027385,794.35,11.83
267,050960,수산아이앤티,0.12143511638837588,-3.1140801862204763,11.660274579274093,886.36,5.16
268,017550,수산중공업보통주,-0.0900742179942618,-24.44597057473207,4.326119374944381,64.87,61.94
269,236200,슈프리마,0.37479896143213043,0.22344809332623475,3.4318555348124224,1155.83,5.18
270,094840,슈프리마에이치큐,0.39649657810540756,0.47024488723710534,5.348154244669592,1787.58,5.13
271,192440,슈피겐코리아,0.29167374546072333,3.7446607266351033,1.5572708203633672,438.02,15.44
272,136510,스마트솔루션즈,0.0505982001203705,-0.0,2.5800599163916518,119.15,72.4
273,099440,스맥,0.012187123447330639,-0.0,0.49022582628018085,127.86,135.43
274,115570,스타플렉스,-0.4164907190710692,-0.0,0.78906283804098,75.71,115.06
275,013810,스페코,-0.06360681924591699,0.5791612353736683,4.958881033187782,78.66,77.16
276,049830,승일,0.2480981721799594,-0.0,0.8750331132011563,262.12,23.14
277,048870,시너지이노베이션,-0.11770917301881367,-1.1068349171151843,10.296226411204229,42.56,59.04
278,025320,시노펙스,-0.04126010076650812,6.51635064116499,3.202943310200721,82.74,55.9
279,134790,시디즈보통주,0.09221061093247589,0.04646886443251295,0.5468372236142248,143.78,96.31
280,269620,시스웍,0.07987186255903883,-0.9288984044191898,7.466564629501466,155.39,61.77
281,131090,시큐브,0.47246503496503495,0.21824942457271146,3.8874541253228214,773.86,12.14
282,029530,신도리코보통주,2.0297022827305464,-0.8836657419386823,0.9389086150206325,1296.86,7.16
283,011930,신성이엔지보통주,-0.10119035084816634,-9.48991480050153,1.8116688557142446,74.65,107.91
284,004170,신세계보통주,-1.246480390384963,0.16885026705793948,1.8951171878104018,24.3,108.94
285,035510,신세계아이앤씨 보통주,0.2809234370280882,0.3705307313338952,0.551479467341789,226.03,34.23
286,031430,신세계인터내셔날보통주,-0.0791859459833316,0.3145976494657608,1.193532463158451,131.74,83.23
287,031440,신세계푸드보통주,-1.2610086655112651,-2.025934553472275,0.2352833678579002,95.45,208.57
288,005800,신영와코루보통주,1.40239963607415,-0.5817347636102638,0.49498986714703896,389.72,17.47
289,138070,신진에스엠,0.2004876120996987,0.6424846164203684,1.493419936415557,312.44,43.78
290,001770,SHD보통주,0.4186243348650189,1.5871319012482092,0.36999207133342854,182.81,85.53
291,187270,신화콘텍,-0.11542422829307454,-0.0,0.9148210330502632,121.95,85.66
292,004080,신흥보통주,0.09026909722222222,2.6786180124081334,0.9878745262146966,128.6,52.81
293,222800,심텍,-0.38576789763849506,-0.0,0.6767818315257832,52.6,204.59
294,036710,심텍홀딩스,-0.03196489831504331,-0.0,24.79370007167367,24.53,3.2
295,160980,싸이맥스,0.2152739963898762,-2.5605988923968863,1.4603505607037857,212.91,40.7
296,222420,쎄노텍,-0.2985084744402741,-0.0,3.8600433078436716,109.69,189.05
297,037760,쎄니트,-0.2873483162774221,-0.8954653963172866,1.1500204946585695,79.89,86.72
298,099320,쎄트렉아이,0.07328492047943863,-15.601544506713614,5.4956505897034456,226.59,38.8
299,049960,쎌바이오텍,0.3490399584846912,-0.7305454350755878,4.057506492291196,1940.63,3.3
300,035760,씨제이이엔엠,-0.2114333508517811,2.4435013548937548,1.1479745715124487,95.57,58.25
301,096530,씨젠,0.1120765883886846,2.2856994505386234,3.194034266388043,234.74,60.07
302,260930,씨티케이,0.6919094427780913,-0.47831733360867185,1.1179127415785113,420.49,12.97
303,013990,아가방앤컴퍼니,0.21068453739674226,-0.0,0.9709939033631554,214.32,39.35
304,025980,아난티,-0.2856022497722502,-0.0,10.673636345758059,69.07,79.54
305,090430,아모레퍼시픽 보통주,0.06026198590477451,-2.6673072114099763,5.008871428471991,404.39,10.85
306,002790,아모레G보통주,0.06680450860873692,-1.4897582174316615,102.13244555136664,1964.79,2.87
307,052710,아모텍,-0.3065030116786705,-12.88386324507986,1.616822491424814,90.1,128.27
308,083930,아바코,0.3850916763306989,0.6776053765605936,0.9797806338909466,226.32,45.74
309,149950,아바텍,0.10977733220768257,-12.266546194707322,3.503737108296967,408.93,7.69
310,067390,아스트,-0.2825775627235775,-0.0,3.1074095532789303,112.04,131.98
311,127710,아시아경제,0.3899885936846106,-1.388344199469567,1.471231141490657,190.0,35.3
312,227610,아우딘퓨쳐스,-0.03871287128712871,-0.0,1.0435231822291102,132.43,148.75
313,054800,아이디스홀딩스,-0.7121484847590663,-0.0,18.958825678322775,37.91,68.05
314,122900,아이마켓코리아보통주,0.5163423482849604,-1.4043116230200432,0.14577898048809118,150.58,110.68
315,099190,아이센스,0.21045700961128735,1.3599171094758151,1.9727156521992948,532.53,31.36
316,040910,아이씨디,0.26891146307757846,11.245534189577592,0.982574632376718,331.31,27.64
317,052860,아이앤씨테크놀로지,0.12144552268031036,0.32899361706694874,3.61757527995926,182.72,29.43
318,095340,아이에스시,0.10259665549185694,-2.9075352084010624,3.0283666369160156,177.88,27.34
319,069920,아이에스이커머스,-0.027917332171724506,-0.0,4.974500312997173,92.97,131.8
320,038880,아이에이,-0.018545645299377935,-7.039655594599357,8.888590903844095,95.31,27.27
321,003560,IHQ보통주,0.23275176527044628,-0.0,3.67052058654839,592.95,22.61
322,052220,아이엠비씨,0.00849802371541502,-14.843047081051386,3.03634701108699,138.32,22.4
323,090150,아이윈,-0.18658361718123317,-21.83626484489488,0.507750918704966,115.77,112.52
324,031310,아이즈비전,0.6378049218542844,-0.0,4.138312839138406,1357.19,18.59
325,059100,아이컴포넌트,0.14934817927234198,-0.0,1.4522012157846156,177.45,59.22
326,032080,아즈텍더블유비이,0.46946660340691526,25.533176103892792,1.5352438460578153,235.18,27.27
327,059120,아진엑스텍,0.39662400582121976,4.799882633307464,3.085979396026499,707.26,11.98
328,067160,아프리카티비,0.058622092140536985,0.5272882139407477,4.826014362959566,153.79,89.25
329,053800,안랩,0.20306353939881813,3.1595709542711434,3.799564972455076,344.03,28.64
330,065660,안트로젠,0.09365569749662585,-0.0,107.45310592629384,469.73,16.21
331,001780,알루코 보통주,0.025270899755974442,-0.0,1.636627522376809,142.31,97.1
332,096610,알에프세미,-0.17802696543980118,-0.0,1.6613792649641257,123.25,126.35
333,061040,알에프텍,0.2004394216357337,-0.0,2.323029322230084,177.08,57.86
334,148250,알엔투테크놀로지,0.05135003648747263,-9.631095759612077,5.171285911359022,174.75,54.13
335,085810,알티캐스트,0.36947847951806645,-0.0,2.3416509586098684,244.4,35.84
336,238090,앤디포스,0.2941478917251375,-0.0,3.6110544406033287,447.7,20.95
337,092600,앤씨앤,0.05141769283015833,-0.0,1.2029416400860558,327.64,76.9
338,255440,야스,0.33305857593826727,6.56620768148227,3.1138581960499248,286.43,22.42
339,263540,어스앤에어로스페이스,-0.46727260007873367,-0.0,2.3884655761562428,66.89,25729.81
340,019990,에너토크,0.17863214531972546,-4.0545071389464304,3.4595144634854273,1117.48,13.04
341,011090,에넥스보통주,0.017763026589099725,-0.0,0.5849363331748024,117.59,150.97
342,217480,에스디생명공학,0.15772049460966017,-0.0,1.0535426261241203,151.21,59.41
343,046140,에스비에스콘텐츠허브,0.676811622733626,-6.261860714887368,1.0932331898561727,347.07,29.18
344,042110,에스씨디,0.673896661529937,-0.0,0.4250537140497931,248.32,50.91
345,101490,에스앤에스텍,0.09028617259535829,11.99206902124508,7.905516439673284,545.61,13.04
346,095910,에스에너지,0.21482507075697044,-0.0,0.5509096584127005,154.82,74.64
347,031330,에스에이엠티,0.5218858666042627,-1.4240106637743286,0.22047220320639638,262.8,43.7
348,060540,에스에이티,0.30404262458156905,0.24947578239063195,3.853478452473618,446.32,8.48
349,056190,에스에프에이,0.3371609092782089,0.4979290539825249,1.7429788498807233,288.86,26.2
350,036540,에스에프에이반도체,-0.06652599703627343,1.231453636078109,2.285709818696981,186.58,79.56
351,041510,에스엠엔터테인먼트,0.06515757842908466,-0.0,2.2940827542448665,134.26,43.3
352,012750,에스원보통주,0.08318425011193321,13.239605364351657,1.41819326629135,194.22,35.5
353,123700,SJM보통주,0.6262239696895918,-0.4057697274572764,1.0816191149289285,479.14,13.68
354,025530,SJM홀딩스보통주,-0.0005556951078854378,-2.168158610704375,12.726647553042287,108.31,9.27
355,096630,에스코넥,-0.0907888351934697,-0.0,3.781356671526627,118.21,106.42
356,041910,에스텍파마,0.44843651658658645,0.1605574790012191,2.1322702996628835,690.7,10.58
357,039440,에스티아이,0.20072884955415105,1.7858245599215334,1.2107702773859583,207.82,36.2
358,098660,에스티오,0.12414220571075531,-0.8491538279078709,0.5062717672906251,165.75,116.6
359,050760,에스폴리텍,0.1840362472713679,0.20991157457427315,0.685193639564996,145.48,94.86
360,005610,SPC삼립보통주,-0.7009860886216978,-1.1622165358759933,0.49436778573184026,51.96,217.03
361,058610,에스피지,-0.017329378092204386,-0.9034133370504603,0.8490476327484563,113.02,114.22
362,043340,에쎈테크,-0.07432760141093474,-0.0,1.813710789899925,152.48,125.56
363,054630,에이디칩스,0.025421616848670687,-0.0,3.8073963963746777,373.37,65.28
364,078520,에이블씨엔씨보통주,0.1419586434576814,-0.0,0.8916159153818239,232.68,41.46
365,003800,에이스침대,0.05797113676919118,-0.28672264007621096,1.6400955487828106,195.49,13.54
366,015260,에이엔피보통주,-0.6108390623574921,-0.0,0.3895768559784645,118.21,155.39
367,078150,에이치비테크놀러지,0.20632387352252954,-1.464259005365074,1.027713619786023,208.5,33.89
368,072990,에이치시티,0.00514213313549194,-1.1437049981327712,1.7942940360068265,115.01,42.05
369,036640,에이치알에스,0.23008347905669593,-2.6210097174370026,1.4745388639301176,354.87,12.43
370,239610,에이치엘사이언스,0.31286289762467007,0.33207504687904854,1.5099011158030162,777.0,11.71
371,044780,에이치케이,0.5018646039645313,-2.206194667703159,0.7126575554936286,157.08,63.39
372,045660,에이텍,0.04456388454907038,-9.548960817424598,3.2734367040893364,304.99,16.4
373,224110,에이텍티앤,-0.0016208102056184763,1.5294163876741973,7.51675663517773,103.06,26.37
374,007460,에이프로젠보통주,-0.2593525675524599,-1.4782527834348456,5.302487134566693,77.0,80.18
375,230240,에치에프알,0.002468076660829927,4.310463270736198,4.324321497785202,162.98,75.28
376,230360,에코마케팅,0.09907689508283916,0.9294299455823914,15.259764447688665,371.04,27.82
377,007700,F&F홀딩스,0.12769391392920804,0.330314119516726,2.4437112550109488,239.33,41.39
378,036810,에프에스티,-0.029726675945701928,0.6681750346881636,3.5187944288427,143.09,67.67
379,054940,엑사이엔씨,-0.1514261859654096,-0.0,0.3694730103786809,98.12,185.62
380,205100,엑셈,0.23015176769892096,1.656805596800773,5.504277095506422,661.53,9.72
381,092870,엑시콘,0.21196231781016708,-0.0,2.169686700881072,267.3,20.05
382,036570,엔씨소프트보통주,0.07901220396641953,4.650077926324612,8.546912349142517,571.67,24.73
383,008260,NI스틸보통주,-1.0508300563702226,-1.1019919780462908,0.5361445192966843,39.38,136.64
384,217820,엔에스,0.1301376340018741,0.8307914610468778,1.9277032994713599,135.48,138.07
385,053290,엔이능률,0.21408761774138244,-3.9378284930251817,2.6314378748474114,304.3,40.9
386,208860,엔지스테크널러지,-0.6289729958058732,-0.0,14.347586457989186,36.85,746.12
387,069410,엔텔스,0.386905669419492,0.5847173439775938,1.5127774400345837,400.93,24.32
388,048830,엔피케이,-0.417469494329082,-0.0,0.6188767608325311,122.16,75.97
389,066970,엘앤에프,-0.021140471615403136,-0.0,6.184186088637183,141.96,124.37
390,156100,엘앤케이바이오메드,0.028623138472513843,-0.0,25.929477615744716,223.97,36.78
391,006260,LS보통주,-0.05922246905744208,-1.6050182645803832,13.307631510676032,226.8,9.33
392,093050,LF보통주,0.5843697837573263,0.7528868002633012,0.4284316273401023,316.3,35.85
393,108320,엘엑스세미콘,0.33242814619626215,-3.658962510786615,1.0582539917514133,299.33,41.22
394,108320,엘엑스세미콘,0.33242814619626215,-3.658962510786615,1.0582539917514133,299.33,41.22
395,001120,LX인터내셔널보통주,-0.3810520526673353,-2.0469444530639924,0.37948217442545695,130.85,90.67
396,108670,엘엑스하우시스보통주,-0.47322801383269575,-1.585060032533576,0.29356788535380185,120.12,149.64
397,083310,엘오티베큠,0.17794688890458366,-2.9666524627532733,1.716646854711121,195.6,38.6
398,003550,LG보통주,0.14393289399456383,93.24850728009781,15.350456545450742,1424.13,2.93
399,051900,LG생활건강보통주,0.005116881316117876,3.0599975839292854,5.549828651886933,133.23,20.23
400,032640,LG유플러스보통주,-0.9907648700848277,-3.204588656057323,0.4329751122997332,116.13,132.59
401,037560,엘지헬로비전보통주,-1.2064329373108789,-0.0,0.3608295927962612,88.79,132.0
402,051910,LG화학보통주,-0.06955100410369755,-5.141122796846704,2.7281234547234234,100.53,52.39
403,058630,엠게임,0.09329124788880583,0.8415964390569183,4.2776535787380645,422.88,22.64
404,086960,MDS테크,0.2751575190297556,-3.3984796187448802,1.3141582371297904,255.55,22.86
405,009780,엠에스씨,0.054632867132867136,-0.4625273755907721,0.5985693927147852,126.39,69.48
406,123040,엠에스오토텍,-0.8440339782689666,-0.5355508311119361,1.0881716258819827,22.39,185.99
407,033310,엠투엔,-0.11336169228005323,-19.961368158396795,15.344078923516907,32.45,81.65
408,259630,엠플러스,0.12334587125567617,-1.3139589060439751,0.9709342441387466,166.95,139.97
409,115960,연우,0.11456746309141856,-2.829127094474432,1.3626782494005778,260.09,27.18
410,143540,영우디에스피,0.13596354680475323,-0.0,0.9487874859268682,140.99,111.68
411,111770,영원무역보통주,-0.01375771526578879,0.7007129096179249,1.5539227886221296,136.06,42.55
412,009970,영원무역홀딩스보통주,0.0718588939079064,0.20340075465366103,24.36132751279125,501.98,8.08
413,000670,영풍보통주,0.2177180594550729,0.3359051300660747,0.8692178989273293,314.6,26.78
414,012160,영흥보통주,-0.3728971280516732,0.9788882707536064,0.5880781018295107,103.82,114.11
415,036000,예림당,0.799264199739066,-0.0,4.082233260687509,2143.34,3.68
416,015360,예스코홀딩스보통주,0.28301186943620177,-0.5735646152059461,11.230837591646551,749.28,36.67
417,122640,예스티,-0.1687038330694731,-0.0,3.8112807404490248,80.5,143.63
418,045060,오공,0.048733460790402916,-14.844416552683525,1.4433630989829247,146.96,33.46
419,080520,오디텍,0.4463817948781717,-0.9690781726413832,2.3533760683277327,901.17,6.31
420,007310,오뚜기보통주,-0.02037285657635103,-1.9048934306971097,0.9079547833540761,132.01,46.29
421,046120,오르비텍,0.027359537846372718,-5.522434444957456,3.9048539497495938,120.12,111.95
422,001800,오리온홀딩스보통주,-0.0428342427497796,-0.5128410729011684,34.26597817825902,24.47,2.3
423,010470,오리콤,-0.1077404043199882,0.8131776369710925,0.8394568332750902,109.51,77.09
424,031510,오스템,-0.1883812280339053,-0.0,0.9065861978483337,83.28,78.24
425,138080,오이솔루션,0.16356739171491408,0.1347634806495806,4.77287251628349,284.64,32.25
426,067170,오텍,-0.09084555222499495,-2.498543920471304,1.5035869985124728,98.1,51.02
427,049480,오픈베이스,0.07188837681690281,-1.6740741699493489,1.5189444485647559,126.48,45.48
428,131030,옵투스제약,0.6266308810559289,1.0711722483267545,2.162271494237759,1088.67,9.26
429,082210,옵트론텍,-0.2575338246206835,1.068953879576318,1.528025363166364,95.1,119.34
430,122990,와이솔,0.3224581599414828,-1.8195067616408056,1.9677039338350535,622.22,8.52
431,065530,와이어블,-0.06789724582728814,-1.5327973026315287,2.7659993255395765,91.35,104.81
432,019210,와이지-원,-0.6385526917548674,-3.1556309748313627,0.8962352797438252,95.34,161.8
433,122870,와이지엔터테인먼트,0.10064246358620807,-0.0,5.3358318992730505,285.17,13.23
434,040300,와이티엔,-0.26365883062085593,-0.0,1.3090823009548085,280.71,55.61
435,032820,우리기술,-0.07860784487077477,-0.0,5.121187561426216,101.47,112.83
436,115440,우리넷,0.478726791349053,-2.374192883364816,1.5027236889457711,390.76,67.0
437,046970,우리로,-0.2637739318759381,-0.0,0.5525600707748316,67.12,198.77
438,006980,우성보통주,0.3320684164243783,0.06438693586902929,0.36073268803745057,145.64,76.27
439,017370,우신시스템보통주,0.030502155862250756,-1.0457900471116075,0.936879405175608,145.84,93.55
440,215380,우정바이오,-0.18023339548523848,8.532975689722107,2.0109541147172476,125.1,149.06
441,065680,우주일렉트로닉스,0.30385877658420923,-4.525228448260169,1.4213834633978504,233.68,31.21
442,049800,우진플라임 보통주,-1.271701244813278,-0.0,0.36176408778408237,69.32,342.4
443,095720,웅진씽크빅 보통주,0.36724514483750736,-0.0,0.6044164121684886,155.74,70.67
444,005820,원림보통주,0.20909090909090908,-0.5913042500389435,1.2821980538065254,158.21,30.96
445,032940,원익,-0.42144288877826575,-0.08635264199872739,2.1307244296000953,44.0,50.46
446,104830,원익머트리얼즈,0.16046483886967058,-4.515026424897804,1.7790870065415973,374.82,9.06
447,240810,원익아이피에스,0.08602323418609417,3.1802567899876952,2.3263599934544605,152.21,66.06
448,014190,원익큐브,0.30421321436625043,2.965844912202239,0.8531716773955502,230.74,49.35
449,074600,원익큐엔씨,-0.03986988522835206,-3.969430403888633,2.658504205654842,109.4,37.74
450,131390,원익피앤이,0.16564176921035426,0.3973537532168574,2.5988684602315026,152.0,97.94
451,030530,원익홀딩스,-0.27173421239738865,-0.3141687114560777,1.4724003853297425,64.8,38.39
452,012620,원일특강,0.9137644046094751,0.19601718729081136,0.19619500594530348,179.4,89.03
453,008370,원풍,0.47169939989088927,-1.315403544322388,0.9961279804361117,614.89,13.3
454,101160,월덱스,0.10598881788358705,0.09826622856146763,3.476720158372403,222.57,39.33
455,024070,WISCOM보통주,0.932525018151919,-2.9669086238950917,0.5991640489012614,640.47,10.4
456,023810,인팩보통주,-0.2495210449927431,-0.0,0.38745304451492446,100.78,89.77
457,078930,GS보통주,-0.19918331732264608,-0.5549121024900859,11.861434345024193,43.5,14.98
458,009070,KCTC 보통주,-0.5770554691550026,-6.374907188835269,0.5460397258761687,70.87,104.14
459,033180,KH 필룩스보통주,0.00019515761300555116,-0.0,4.742551422107929,109.52,37.48
460,095570,AJ네트웍스보통주,-3.3624166800989883,0.09086832841970413,0.46506915142596056,39.93,303.47
461,000590,CS홀딩스보통주,0.4104363416534506,4.7910061195967915,22.179023782492166,8052.41,4.58
462,024120,KB오토시스,0.1311002661934339,-1.1496031977216803,0.9646164643853736,145.56,42.93
463,044180,KD,-3.0044731249425123,-0.0,1.139750181661518,149.9,495.91
464,001940,KISCO홀딩스보통주,0.3095066027199264,-0.1412946067485946,22.388553197451404,28316.53,0.1
465,011070,LG이노텍보통주,-0.09326814143461928,0.27243161483487666,0.5235151717008474,129.17,153.34
466,010120,LS ELECTRIC보통주,0.18726765188834155,1.9587348595289809,0.9851255212753687,257.63,72.88
467,010060,OCI보통주,-0.08378990233633571,-0.0,2.3713181223393573,146.11,44.32
468,096770,SK이노베이션 보통주,-0.0986287901234568,-0.0,5.317394906004031,115.15,26.33
469,064960,SNT모티브보통주,0.31922911318945,-5.9932907053057685,1.0350214226609078,232.53,42.31
470,078890,가온미디어,0.38183161825172807,-1.9905587677646446,0.47900850637978576,183.72,83.18
471,000500,가온전선보통주,0.1636564334735798,1.7177334070479717,0.1620713389267792,163.05,91.04
472,036620,감성코퍼레이션,0.24447432056507282,-0.0,5.480503287498115,263.91,29.82
473,000860,강남제비스코보통주,0.36614877708782156,-0.5394314627785839,0.7590419392073892,271.05,22.66
474,094480,갤럭시아머니트리,0.13945501115223413,1.3456413274845087,4.018124487997214,136.62,183.95
475,039240,경남스틸,0.46869409660107336,4.355301110038022,0.23485421393160238,177.23,57.63
476,053950,경남제약,-0.10087629750014292,-0.0,1.7374751020234644,147.87,119.7
477,011040,경동제약,0.25036887575870104,-0.6858837616163237,1.7692246173792718,412.1,10.66
478,009140,경인전자보통주,0.5584185366805272,-2.8984713147507724,4.422255202587047,1844.54,5.53
479,024910,경창산업,-2.4263321044757147,-0.0,0.24410176058691602,46.59,561.94
480,013580,계룡건설산업보통주,-0.3519303450955459,0.060560318064733526,0.1801762955094945,136.06,198.54
481,012200,계양전기보통주,0.35253732401858223,-13.517880988819005,0.38819354199246836,172.05,50.5
482,002140,고려산업보통주,-0.26562131461511607,-1.6460231060227635,0.5763409364022963,82.52,113.37
483,049720,고려신용정보,-0.1594756794165952,0.6690286525196519,0.7383501883799334,79.73,109.55
484,010130,고려아연보통주,0.406193373462716,5.1183365334751105,1.3637989727447029,518.52,12.81
485,002240,고려제강보통주,-0.11931041456016178,-1.2253526423624024,1.1314158370761245,118.08,24.0
486,014570,고려제약,0.40613032984714403,-3.8125811395102485,1.8610849091916555,644.3,17.6
487,009290,광동제약보통주,0.38119564515734106,-2.6269892222629614,0.5877768892014448,194.87,48.09
488,017900,광전자보통주,0.5472764794791304,1.7808063702271197,0.9515594938875412,570.56,17.88
489,007690,국도화학보통주,0.12547489577895396,0.9659967256884723,0.47795395899889687,157.69,61.21
490,060480,국일신동,0.334538600187103,-0.0,1.9966314661161808,1401.7,11.11
491,002720,국제약품보통주,-0.1741296600877193,-0.0,1.1533810322886624,89.13,107.43
492,114090,그랜드코리아레저보통주,0.12006602582775026,-1.0057850975766314,5.583246985829233,269.53,45.58
493,083420,그린케미칼보통주,0.05526583034647551,3.3020994933612706,1.3811995148474914,159.1,56.17
494,014530,극동유화보통주,0.0454380636198818,8.408991843097755,0.34396398914760107,146.75,58.75
495,204620,글로벌텍스프리,0.019587478705820515,0.14343528339039294,19.880004889842514,132.02,19.67
496,014280,금강공업보통주,-0.47797319744994166,-0.0,0.7085848741828255,83.96,107.12
497,053260,금강철강,0.5121413308913308,-3.9595089147429796,0.7521351822940587,378.76,24.33
498,002990,금호건설보통주,-0.5594268162170426,-0.9470305688456114,0.19667489660692272,93.8,244.96
499,011780,금호석유화학보통주,-0.01565629667795401,0.42483941083309495,2.31363493776005,128.91,61.6
500,092440,기신정기 보통주,0.6063702060511812,0.09570006088518547,1.614331730458635,1096.94,7.35
501,000270,기아보통주,-0.0696250215744273,-1.4210422202463688,0.9779495278739421,130.42,76.35
502,004540,깨끗한나라보통주,-0.7759814763616256,-0.0,0.4902615052963675,65.21,163.82
503,051490,나라엠앤디,-0.07324085642889595,-5.140073293487021,1.5790866085240998,93.86,106.94
504,036800,나이스정보통신,0.3956612903225806,15.304495632834664,1.4848094414721646,247.78,37.3
505,030190,나이스평가정보,0.04930804615624513,2.746051484034734,4.030156210640995,206.03,38.83
506,003920,남양유업보통주,1.1951503483681702,-1.139743250246735,0.23307567801454052,485.77,24.59
507,025860,남해화학보통주,0.5513743821430968,7.639545344466805,0.44275070629651186,322.47,30.14
508,091590,남화토건,0.2952363514782913,-5.76042396469891,1.6928736995310494,371.22,19.43
509,035420,NAVER보통주,-0.009744022426296642,-2.036383959655611,15.006752464299563,75.46,21.5
510,002350,넥센타이어보통주,-0.2892576346264732,-0.533069513079278,0.6141718919724014,239.16,69.97
511,251270,넷마블보통주,-0.08195231952950939,-5.938160618428343,8.042699468743042,65.31,26.53
512,093640,다믈멀티미디어,0.3066215917256562,0.9599804641141392,4.502734788097594,307.63,26.68
513,058730,다스코보통주,-0.36759334415584416,-0.8615225736573986,0.40253627257783064,115.33,103.83
514,008110,대동전자보통주,0.16797560857180635,0.3304067253191816,3.9320817633957983,540.64,19.52
515,005750,대림B&Co보통주,-0.37964381286333854,-1.3751697289971991,0.4705745748875374,160.2,105.75
516,006570,대림통상보통주,0.009069526310905622,-0.0,0.4677966677487327,131.08,82.82
517,078140,대봉엘에스,0.35191205101184203,-1.6370591512198522,1.8291696272216635,616.35,20.13
518,001680,대상보통주,-0.2096527648674888,0.4597945760790916,0.33451973945860963,165.0,116.58
519,084690,대상홀딩스 보통주,0.014211380866541378,0.1540118589826987,15.046760941829456,356.25,4.53
520,117580,대성에너지보통주,-1.2742249957834373,-4.980985123401408,0.1998225896252683,71.48,122.74
521,016710,대성홀딩스보통주,-0.19399913136313943,-19.637206106922324,12.935868038027674,65.34,51.57
522,020180,대신정보통신,0.001221444204453966,-15.695346792594261,0.4282893224309743,101.42,216.69
523,045390,대아티아이,0.10508051497022235,-4.171870501853212,3.2506758977254675,185.57,55.51
524,108380,대양전기공업,0.6478382234352708,-1.49942538915156,0.9590098813206427,515.4,13.31
525,006580,대양제지공업,0.20053466771772285,0.03282049573354375,0.8101271680580643,500.72,28.46
526,014160,대영포장보통주,0.014069751441688245,-44.838701837193256,1.2265307263737704,140.85,35.13
527,009320,대우전자부품보통주,-0.13750769829178958,-0.0,1.6248286514635257,83.18,163.41
528,000430,대원강업보통주,-0.3405947017480627,-0.6853246340129482,0.4604635338439493,71.93,59.62
529,005710,대원산업,1.0565052576062235,-1.2841469482587702,0.2901311594563271,284.34,43.89
530,006340,대원전선보통주,0.3296700170680827,-0.0,0.29393702633889823,150.01,120.54
531,003220,대원제약보통주,-0.01834097540641934,1.8333993515782103,1.1119582227060458,208.66,57.58
532,024890,대원화성보통주,-0.08449629999546011,-1.595908778520312,1.0776652756414162,93.74,65.79
533,120240,대정화금,0.20746547584123776,-2.5481084939685044,2.2954161213088766,262.21,25.81
534,003310,대주산업,-0.09293093815596559,-16.92209330579026,0.8913641201611129,137.25,64.53
535,078600,대주전자재료,-0.0929026775663277,-0.0,5.484576404426758,89.73,125.42
536,015230,대창단조보통주,0.8856419987349778,-0.1700633853697126,0.613118960578296,680.3,12.63
537,023910,대한약품공업,0.2313095238095238,0.4602672626768287,1.3150289017341041,310.22,39.12
538,006650,대한유화보통주,0.21065863169088975,-0.7028461313291898,1.133549640446573,1009.29,8.51
539,084010,대한제강 보통주,0.30800534499514093,-1.4201523471108053,0.5340757849581808,178.33,41.92
540,001790,대한제당보통주,-0.16189073184926525,-1.2311085398968482,0.24660728223399714,164.67,110.2
541,001130,대한제분보통주,0.6410229666031492,-1.0015450228056144,0.7975396330245877,382.14,10.95
542,005880,대한해운보통주,-1.622770215675306,-0.28121908694140263,1.6731030410202892,32.96,257.06
543,003830,대한화섬보통주,-0.3081088398537972,0.48759164891187645,2.0403024409331034,408.95,18.96
544,067080,대화제약,-0.13966477903821992,0.4719989883943941,2.668405344670517,60.72,82.13
545,089230,더이앤엠,0.12385835077804316,-0.0,5.341701844034047,214.8,27.78
546,213420,덕산네오룩스,0.05776243729577983,0.9457580467718604,7.536282145904321,457.26,14.61
547,263600,덕우전자,0.1270933943883005,-0.46132900920658343,0.9989848815104935,211.6,62.16
548,005160,동국산업,0.31355489553461696,-0.7533794700675772,0.7001320641476606,252.27,24.84
549,001230,동국제강보통주,-1.1373151858504906,-0.0,0.2823480684407335,55.75,122.16
550,086450,동국제약,0.16161638069532808,-0.6272624974248165,2.4873572129323134,295.67,29.75
551,005960,동부건설보통주,0.0741713353918291,-0.3160849505893979,0.2801290516283015,152.67,65.01
552,025950,동신건설,0.0966107439417048,-8.87401576792177,9.973802078931868,504.91,30.62
553,000640,동아쏘시오홀딩스보통주,-0.3154546562230643,-0.6436796507874292,12.198869033856365,65.58,47.79
554,170900,동아에스티보통주,0.1747232409671285,0.1133875033002874,1.2048746398171082,312.92,52.36
555,041930,동아화성,0.10166335390731249,-1.69022660106507,1.5211890704817175,156.89,46.07
556,079960,동양이엔피,0.7675364728012424,0.3466049054603942,0.32010278240656503,319.65,30.68
557,228340,동양파일,0.3920845070422535,-0.0,3.024429724606505,936.05,5.77
558,092780,동양피스톤보통주,-0.8493415002934084,-1.1087180266662717,0.27819051757515195,81.36,185.23
559,006040,동원산업보통주,-0.48891609198077773,-1.178984477104108,1.3462366868877935,79.12,116.67
560,030720,동원수산보통주,0.09448775406207373,0.08122730354354556,0.41505139598918844,157.71,87.83
561,014820,동원시스템즈보통주,-0.20624546816841494,-2.2520214935034546,2.1332504781358574,58.77,104.64
562,163560,동일고무벨트보통주,0.5504448199993622,-0.6315336275909434,0.5257591315828101,245.91,37.67
563,109860,동일금속,0.2580487804878049,0.07942006302123845,1.4671551503791478,575.38,6.63
564,004890,동일산업보통주,1.039691871919895,-1.3424702821440146,0.6784672076218301,785.15,10.67
565,002690,동일제강보통주,1.2331634182908546,-1.172875425843698,0.4069951917209733,504.18,14.46
566,025900,동화기업,-0.3695905278339551,-1.6481094301720451,2.606572690507383,66.36,95.85
567,000020,동화약품보통주,0.32808656786165624,-1.445691457040856,1.4882775044028844,381.82,22.4
568,241560,두산밥캣보통주,-0.01748493658319295,0.015386321530587983,20.69801032132205,111.02,3.39
569,024090,디씨엠보통주,0.38188616938616937,1.2729143293704464,1.2451625386996954,357.05,20.6
570,155660,DSR보통주,0.5257042253521127,-1.5552050509851862,0.5542477282429713,199.01,32.38
571,069730,DSR제강보통주,0.3357027626537608,-1.4621955644846116,0.4502885810438867,158.51,41.02
572,000210,DL보통주,-0.5441414836689833,0.14166050126878355,1.5712943278701124,103.58,396.95
573,001880,DL건설보통주,0.5302029467557103,0.6727783991474519,0.44370067720220435,202.67,86.86
574,013570,디와이보통주,0.05607346042519214,2.6766054020608196,3.4778557907526184,730.22,1.3
575,210540,디와이파워보통주,0.2689491486335857,0.42369516488035197,1.2101645200302347,346.64,25.4
576,113810,디젠스,-0.42356192222453004,-0.0,0.5921128745412841,92.59,198.66
577,105740,디케이락,0.159089878571882,0.2768527029503862,1.5489507325364318,206.77,60.25
578,042510,라온시큐어,0.06167179761745416,8.62989752122464,5.246493070927315,179.09,50.93
579,071280,로체시스템즈,-0.01355706552496184,-2.08303580651463,0.5189845949764209,124.66,61.41
580,032350,롯데관광개발 보통주,-0.6386606970550773,-0.0,92.09831362154222,63.81,379.84
581,023530,롯데쇼핑 보통주,-3.257192835780697,-0.0,0.4093188731298413,69.67,159.66
582,004990,롯데지주보통주,-0.6162336588251456,-0.0,12.27861829685587,80.28,57.63
583,005300,롯데칠성음료보통주,-1.0251824340870133,-0.0,0.5666629306329479,102.86,160.23
584,011170,롯데케미칼보통주,0.07515154746096211,-0.5268604750474795,1.1249107944931724,224.42,30.84
585,071840,롯데하이마트보통주,-0.4392188142904658,-0.0,0.24413358662437692,116.9,73.9
586,058470,리노공업,0.09789346155619741,3.1737976203077545,11.84806866665012,1175.67,7.17
587,005990,매일홀딩스,-0.025758969641214352,-0.3266073101665045,9.168416182987885,101.45,9.46
588,215200,메가스터디교육,-0.19079452962737586,0.3350256675509658,1.6992372507803664,54.82,95.51
589,133750,메가엠디,0.009733758206495748,-5.29882608471522,1.2571081250000085,120.35,67.16
590,014100,메디앙스,-0.3179606342263532,0.013142903123271132,1.097575612097942,139.29,62.64
591,017180,명문제약 보통주,-0.1487839690073517,-0.0,1.4658560263020282,88.35,129.06
592,087260,모바일어플라이언스,0.14497438439927285,-0.0,3.8560066875685846,757.93,79.42
593,118990,모트렉스,-0.14215050415953234,-0.0,0.9836766899036363,92.18,129.44
594,001810,무림에스피,-0.008791908412567882,-3.1293790134269344,0.6618471796394695,227.75,46.79
595,009200,무림페이퍼보통주,-2.4893255039931286,-0.0,0.29898905389221836,103.16,177.2
596,008420,문배철강보통주,-0.12520212004066325,-0.9948093779112495,0.5385127854045785,144.61,57.61
597,095500,미래나노텍,0.04914274921229084,-27.9249074176441,0.4363838127119142,106.71,67.48
598,207760,미스터블루,0.046846634907565333,0.48307731718661684,8.832415864386173,232.8,28.22
599,002840,미원상사보통주,0.08161969162454835,-0.8155475827280239,3.3182623171466057,405.52,21.72
600,107590,미원홀딩스 보통주,-0.1975908251231527,5.360287070584441,10.958164642375182,176.9,39.36
601,134380,미원화학보통주,0.1424024470899471,3.4486223885457887,1.207830947239663,744.17,11.01
602,003650,미창석유공업보통주,1.4487375610359108,-0.46993306074369806,0.46628910360331177,796.3,11.97
603,206640,바디텍메드,0.18741914658990147,-12.769123945374993,3.1279489593073224,362.35,27.05
604,001340,백광산업보통주,-0.4755697619291995,0.14735128444931697,1.1963778520807915,57.27,81.87
605,019010,베뉴지,-0.530807781430188,-0.30806928982491844,2.736697734780775,104.27,68.41
606,006910,보성파워텍,0.26769125390641724,7.893993524111188,1.4229435254021205,183.49,50.31
607,003000,부광약품보통주,0.06122416970552484,-0.0,9.209940056818489,327.91,35.23
608,026940,부국철강 보통주,0.9073860911270983,-2.7480339388350146,0.6003023105160873,510.6,16.71
609,011390,부산산업보통주,0.014844389844389844,-3.0401621946752204,5.926927577688213,196.52,20.3
610,148140,비디아이,-0.31333406331695435,-0.0,0.7436260126005754,77.23,2470.74
611,083650,비에이치아이,-1.5160855930640103,-0.0,0.4609380314264352,59.3,289.3
612,072950,빛샘전자,0.3017287270533566,-1.6257490122485017,1.9749430642702412,358.92,15.53
613,008040,사조동아원보통주,-0.2919895279684364,-3.632038106004967,0.48439191095983136,84.95,112.01
614,007160,사조산업보통주,-0.2604613841524574,-0.0,0.6524373804082936,121.35,85.62
615,014710,사조씨푸드보통주,-0.2099548956212829,-0.0,0.4672821137104442,150.98,47.82
616,100090,삼강엠앤티,-0.2111378400097855,-0.0,2.0622132991217637,77.76,188.09
617,014970,삼륭물산,0.0008501787026107915,-3.333955118791037,3.1198014575233195,211.18,39.04
618,018310,삼목에스폼,0.5103759915518554,-0.41633245295556004,1.7482868772219142,389.1,16.6
619,053700,삼보모터스,-0.9888279351719647,-0.0,0.47239358724849567,68.35,279.62
620,001470,삼부토건보통주,0.31823034908789954,-0.5837931416878599,1.1622648359427405,193.87,89.02
621,006400,삼성SDI보통주,-0.014193845489439149,6.3864115202246365,4.986551494616545,119.75,36.26
622,006660,삼성공조보통주,1.5523894451571343,-1.1120417267948732,1.4549185596580014,662.6,11.28
623,028260,삼성물산보통주,-0.38491455856692197,0.17165017623480092,1.2189039410392146,95.18,58.75
624,018260,삼성에스디에스보통주,0.20225091166530862,1.2198019463871455,3.2910967249282184,500.52,18.01
625,028050,삼성엔지니어링보통주,-0.15196137026239068,0.08148882194506804,0.5465279739068747,93.62,216.6
626,009150,삼성전기보통주,0.09765899565158406,0.1208716187619322,2.501888331467424,230.39,26.49
627,005930,삼성전자보통주,0.0564901963205334,-0.35298108717634075,2.921873727487169,166.16,25.28
628,006110,삼아알미늄보통주,-0.2106664057148449,0.2959165556500635,0.6567185280867832,95.58,87.78
629,009300,삼아제약,0.829630418008142,8.019938762708486,1.7512068290682887,991.28,9.51
630,003230,삼양식품보통주,-0.04914995868372616,0.23381561196157635,1.0528620458967592,103.4,62.6
631,002170,삼양통상보통주,1.2757571428571428,0.180511235600952,1.059348752742957,938.85,12.26
632,002810,삼영무역보통주,0.6706690156098829,0.8040955432866513,1.273430394527551,842.66,11.39
633,054540,삼영엠텍,0.20614533068407606,2.781561755698384,1.1246069621566495,161.82,32.92
634,065570,삼영이엔씨,0.5070711065812759,-0.0,2.2600190597903524,447.8,34.36
635,005680,삼영전자공업보통주,1.231881818181818,-1.911711839534315,1.26361981126115,1702.42,4.31
636,004380,삼익THK보통주,-0.1276594962309248,-1.9635817081364084,1.0306758231762803,137.83,104.03
637,000520,삼일제약보통주,-0.4254393479993742,-16.372392531235015,1.0941690968373023,71.83,197.46
638,009770,삼정펄프 보통주,1.5217444650519834,-0.4208425157209385,0.506551176100758,814.72,10.34
639,037460,삼지전자,-0.08684067181116659,-0.9455887882939749,2.8927091009362464,129.42,64.01
640,005500,삼진제약보통주,0.2702519465908754,-0.9578322558558579,1.436310675483172,432.76,26.04
641,000250,삼천당제약,0.020635221371547663,21.058283909464375,9.803453847777549,469.11,32.08
642,024950,삼천리자전거,0.2450131555667167,-0.0,1.676036851318651,265.68,36.96
643,017480,삼현철강,1.3826502902243303,-0.9970589986249543,0.3609458531922479,475.58,19.51
644,010960,삼호개발 보통주,0.7206177606177606,0.5488588215261587,0.36403707274838154,213.83,45.35
645,004450,삼화왕관보통주,-0.48705220351873596,-1.6304405568680358,0.7744255183158621,184.51,59.14
646,009470,삼화전기보통주,-0.1403985794967251,0.8534512288633561,1.0387216396882726,86.82,139.5
647,001820,삼화콘덴서공업보통주,0.05970458281160429,0.31836288501234333,3.7581504046750847,214.53,31.21
648,000390,삼화페인트공업보통주,-0.019920942655874345,-2.1170098130617485,0.717373924915742,143.85,102.37
649,041650,상신브레이크보통주,-0.1423579136189107,-0.4901681456127893,0.325142540661807,120.72,90.15
650,263810,상신전자,0.28831811969028454,-0.5262370637466512,0.8542744373825363,212.87,55.56
651,075180,새론오토모티브,0.5746146537162162,-0.0,1.0645986119306527,485.07,10.51
652,007540,샘표보통주,0.2018519717671437,0.10149393268002903,8.448517971442739,6392.23,3.91
653,248170,샘표식품보통주,0.26294703703873673,0.12113236090986157,0.705137535110087,240.84,39.36
654,100660,서암기계공업,0.5703798648333722,1.0828062143360255,2.428562444975556,710.16,11.77
655,017390,서울도시가스보통주,0.4188873873873874,1.4861640939214298,0.34906538529271175,221.1,63.46
656,046890,서울반도체,0.21868261252491542,-22.811348413882605,1.086154138945981,194.05,36.19
657,004410,서울식품공업보통주,-0.16730569806789652,-0.0,2.3807990199797446,69.81,163.52
658,027040,서울전자통신,-0.3631929007113723,-0.7070536747941493,1.8220665608114472,79.4,37.62
659,065710,서호전기,0.13007375878784572,0.384049493972892,1.8747229326513228,197.02,21.42
660,007610,선도전기보통주,-0.3368115942028985,-0.0,0.7794946464659223,162.38,103.35
661,003080,성보화학보통주,0.5276075276075276,-0.0,2.1468235566891503,627.28,16.47
662,004980,성신양회보통주,-1.1708815882770032,1.3644933636846763,0.5288802933497326,66.86,132.79
663,081580,성우전자,0.826580600832102,-0.0,2.225440774907809,1256.0,5.19
664,045300,성우테크론,0.22195466710030815,1.4788418928484872,1.3689748405243372,163.13,46.59
665,000180,성창기업지주보통주,-0.2473239402682987,-0.0,25.658239258114378,1298.71,17.62
666,043260,성호전자,-0.09610001239792844,-0.0,1.3625878141590115,104.69,76.13
667,017510,세명전기공업,0.34775142213158744,7.367332131565373,4.687143655673664,1875.82,11.73
668,004360,세방보통주,-0.13346934771947033,-1.118667971957014,0.4415234468923994,120.97,40.9
669,004490,세방전지보통주,0.555390610673024,1.7821013505325916,1.0126126259962722,373.5,21.4
670,033530,세종공업보통주,0.05627810625007455,-1.189245933631055,0.7573771940169064,125.7,90.27
671,027970,세하보통주,-0.40734472383408554,1.143768583259654,0.589246422115179,77.21,115.95
672,036830,솔브레인홀딩스,0.05293764259581764,0.49412313476514835,39.72630053184442,362.3,4.45
673,004430,송원산업보통주,-0.14457821457821457,-1.9982790042689242,0.7896830273122977,111.05,78.85
674,253450,스튜디오드래곤 주식회사,0.02302939518187247,2.9879718342330155,6.011580324301566,165.26,21.42
675,016590,신대양제지보통주,0.21188998365973222,0.11545199446923536,1.7352291856663749,548.07,12.01
676,004970,신라교역보통주,0.6113466183574879,-0.5718196559283374,0.522440326335914,247.77,17.62
677,001000,신라섬유,-0.2511050181036514,-45.335441371873145,15.336852261315064,9.45,118.66
678,025870,신라에스지,-0.1517806267806268,3.697236454941953,1.1946089442515826,112.42,176.97
679,065350,신성델타테크,-0.21365005273479692,0.5896724029994048,1.812221173057032,43.11,48.32
680,034300,신세계건설,-1.1721794871794873,-0.47266131876132733,0.19566117170940137,68.76,278.28
681,002800,신신제약,-0.18386715118735739,-1.931648703776077,1.7672257235879258,117.22,107.44
682,017000,신원종합개발,0.3942207970986838,0.076820711325794,0.7153029184133425,240.18,132.24
683,002700,신일전자보통주,0.23434827013915485,10.294433883033507,0.9084781190487344,204.74,46.94
684,012790,신일제약,0.2381931564658764,-0.9901769927425828,2.4221540414727407,508.07,16.12
685,002870,신풍제지보통주,0.3853863493694002,0.03893812693825829,5.843694484972487,1462.54,5.41
686,056700,신화인터텍,-0.17585107764865757,0.3031895563587338,0.4153742994434232,80.24,75.57
687,243840,신흥에스이씨,-0.053574086618933196,0.45317671382256897,2.2746925220083303,106.02,92.23
688,003410,쌍용C&E보통주,-0.17506615602484984,-0.5977879795254785,3.8983177147094468,202.88,74.95
689,003620,쌍용자동차보통주,-3.1276547558528107,-0.0,0.14166781482898658,41.65,0.0
690,004770,써니전자보통주,0.3694963190949549,-9.304051943920923,7.554533271539072,3451.34,2.4
691,013720,씨비아이,-0.09325259207882054,198.9685275014488,6.729988105924847,141.94,123.24
692,264660,씨앤지하이테크,0.49086992573365057,-0.7572206029283401,0.93094095634445,583.59,16.4
693,001040,CJ보통주,-0.13377111104629116,6.769416961710276,16.605642982992677,10.89,14.83
694,000120,씨제이대한통운보통주,-0.649232512348311,-5.4809758377619975,0.6018723655300081,71.19,121.1
695,079160,씨제이씨지브이 보통주,-1.5456546358507144,-0.0,3.0223323919450165,105.32,755.77
696,011150,CJ씨푸드보통주,-0.13503022107723422,-3.1159225120406324,1.15108648825898,105.89,105.49
697,097950,씨제이제일제당 주식회사 보통주,-0.4803483604239026,-2.0277336182994286,1.034517368832543,82.83,93.76
698,101240,씨큐브,0.14955270398082438,-4.2231123974452585,2.2183790046522183,201.02,49.0
699,008700,아남전자보통주,0.1464344583007276,-8.294818283327338,0.9075153433537411,170.82,83.11
700,092040,아미코젠,0.00791013602746057,-109.59938437344098,21.45751271223952,193.2,26.62
701,036010,아비코전자,0.6978484249708589,-0.0,1.2025020173913066,1742.22,5.87
702,002030,아세아보통주,-0.049801217589414366,0.4162067049713542,13.032193088531727,171.25,8.92
703,183190,아세아시멘트보통주,-0.46858296134067184,-0.9813341899457518,1.2862411005529122,141.71,46.9
704,002310,아세아제지보통주,0.20899377178446946,0.1636395142312413,1.02218092311071,370.12,13.72
705,020560,아시아나항공 보통주,-8.788643177745843,-0.0,0.31667924892847393,35.32,1343.8
706,214430,아이쓰리시스템,0.18976028210083748,-11.168786811321223,2.2164562917092603,248.78,65.46
707,010780,아이에스동서보통주,0.06450008849001776,-0.7862078959207295,1.879563956073675,203.3,171.91
708,052460,아이크래프트,0.13458634776245218,-0.0,1.3402774478862827,184.96,91.85
709,119830,아이텍,0.03528637578345063,-0.0,3.105760969044463,132.35,81.43
710,013310,아진산업,-0.537866071056976,-0.4193157377087581,0.5470361428772028,98.21,117.14
711,001540,안국약품,0.3161528134620281,4.347663686541591,1.3103338160808078,272.74,36.07
712,260660,알리코제약,0.2656087844397576,0.3206800968212885,0.9573376118709405,238.91,42.19
713,131370,알서포트,0.045518939990185095,0.2413446288799248,11.84881766175826,316.48,20.56
714,140670,알에스오토메이션,0.14983840740667506,-7.719031091188078,0.8297234494295339,160.0,108.57
715,218410,알에프에이치아이씨,0.11597220008639385,0.3976555474508142,16.69823623449122,592.13,35.99
716,018250,애경산업보통주,0.21646314465178346,0.9762410946721678,1.1220730601273579,285.53,30.15
717,161000,애경케미칼보통주,0.45244360497653796,-0.7143791537773255,0.5175657986352884,336.77,22.86
718,102120,어보브반도체,0.2948745414719243,0.6319229191110963,1.6588804100756551,288.72,38.19
719,091340,에스엔케이폴리텍,0.011681648084399825,0.061344450089668406,3.403171940027273,279.7,59.71
720,005850,에스엘보통주,0.5527904142595331,-0.7537532748723801,0.6179925072223402,303.42,31.01
721,109610,에스와이,0.022730454553090928,-0.0,0.7938720727137011,135.33,91.8
722,005090,SGC에너지보통주,-1.408711840319059,-0.0,8.304058498949995,38.66,195.65
723,016250,에스지씨이테크건설,0.3615873688291709,-0.3926243957139474,0.07548334303541628,113.64,348.31
724,184230,에스지에이 솔루션즈,-0.05248364754686656,-0.0,2.959647980881453,87.23,69.14
725,255220,에스지이,-0.7274560960388547,-0.20896319869547159,0.6214674294875279,102.36,238.29
726,034730,SK보통주,-0.3633011954681074,-11.579210112061308,5.711483919902917,61.86,59.07
727,018670,SK가스보통주,-0.7208838875263092,-1.9973044560695858,0.2706719531469417,147.27,142.91
728,006120,에스케이디스커버리보통주,0.00854341252699784,0.24946376051751515,55.092888338890376,218.02,25.46
729,210980,SK디앤디보통주,-0.20758750357644046,1.3683352583076442,1.3396470388750914,135.14,187.99
730,068400,에스케이렌터카보통주,-3.1135054688333814,0.5372774425885203,0.5859147597784001,27.09,382.6
731,011790,SKC보통주,-0.14849139348305002,5.769982473141722,8.739910542149763,56.63,52.91
732,017670,SK텔레콤보통주,-0.4318592575579484,-1.1463799480287202,1.890335400451024,99.42,84.36
733,000660,에스케이하이닉스보통주,-0.012299982479838855,-4.068194606927619,3.160044371599574,177.75,29.24
734,069510,에스텍,0.5084309054353152,1.0114688843497317,0.5979818645651795,239.44,40.16
735,234300,에스트래픽,-0.055826514353614735,-0.0,2.185344393951948,98.75,171.17
736,237690,에스티팜,0.05378606977679469,-0.0,14.592909674461387,1540.21,47.84
737,010950,S-Oil보통주,-0.5483697816165886,-2.328554149714432,0.5462472304628532,76.03,176.08
738,012630,HDC보통주,-0.07720646219130062,1.1039331711745768,12.719664665304897,81.84,8.83
739,039570,에이치디씨랩스보통주,0.8302198492838289,-0.0,0.6420470921898598,359.63,32.96
740,089470,에이치디씨현대이피보통주,0.32321294187419947,-0.40643418212145316,0.3524434670498193,203.49,75.14
741,204320,만도보통주,-0.3186039135472428,-0.5364380312621314,1.0265842912704843,97.98,185.89
742,047920,에이치엘비제약,0.07370546585443047,-39.78340839102969,9.423448746641704,153.23,149.7
743,006840,AK홀딩스보통주,-0.41375137824771707,-0.45541535838680924,7.771281526969227,7.56,30.54
744,071670,에이테크솔루션,0.009662420382165604,27.24489824781768,0.8259940865136736,115.32,124.98
745,054620,에이피에스홀딩스,-0.03889315755418958,-0.0,43.62159728776831,131.99,14.31
746,211270,에이피위성,0.28972251118497283,-5.8743511853416255,5.211180784063211,320.32,41.11
747,038110,에코플라스틱,-1.5087881283632156,-0.0,0.10078347486516886,55.3,195.24
748,067570,엔브이에이치코리아,-0.9734321355339278,-0.4600564909358667,0.4655069088828526,47.8,150.71
749,181710,NHN보통주,-0.006224355991709319,432.7944408804037,4.884098519411237,135.34,6.63
750,060250,엔에이치엔한국사이버결제,0.06555040969006057,1.710290274497469,1.8498220514345478,136.97,141.91
751,004250,NPC보통주,0.20442122291364984,-0.4169493861038578,0.472328429484713,147.64,31.2
752,061970,엘비세미콘,-0.3054607848674004,0.5430364549182508,2.571449915429457,47.28,167.46
753,079550,LIG넥스원보통주,-0.425840597758406,-4.233641659716089,0.5522578612184065,112.07,285.55
754,229640,엘에스전선아시아보통주,0.07550305444554402,2.391114449461229,7.116773759472468,2775.4,4.29
755,034220,LG디스플레이보통주,-1.1662839621586893,-0.0,0.35704240108884183,68.25,160.2
756,066570,LG전자보통주,-0.41179894244557425,-33.7603837364667,0.8632633467887812,79.91,199.34
757,037950,엘컴텍,0.03229780256959686,-2.3112299704133066,3.187447833066659,173.64,13.28
758,033160,엠케이전자,-0.22811887322336216,-1.0351067899811905,0.5148384916196428,80.22,196.39
759,014440,영보화학보통주,0.35907894736842105,-0.7150064930741382,0.9669546711081811,301.25,9.69
760,007530,영신금속공업,-0.8409788363190073,0.17127349515582213,0.42831852386668323,69.34,240.67
761,003520,영진약품보통주,0.022267934743891146,41.59001369792855,5.386835944527775,327.39,64.38
762,036560,영풍정밀,0.3746094443115805,0.48218334260986173,1.426916260278959,698.12,16.11
763,006740,영풍제지보통주,-0.020010764676483026,0.715853022412207,1.5899954154144305,415.04,59.76
764,012280,영화금속보통주,-0.4474768229499494,-4.566678421926831,0.5669881048005158,107.17,168.15
765,265560,영화테크,0.2250882360746225,-0.0,3.4585203138862872,347.34,22.04
766,053280,예스이십사,-0.20143749529615412,-0.0,0.43351724182934104,83.63,114.38
767,039830,오로라월드,-0.642136696034835,-1.5928096233450753,1.0512064811755375,55.87,118.33
768,241790,오션브릿지,0.17882007178820072,5.7677153875783285,2.4347301152526564,366.93,16.6
769,048260,오스템임플란트,-0.1625913085012641,-0.0,2.8287098739260967,100.47,270.04
770,057540,옴니시스템,0.361281839354173,0.048396046557548006,1.1581355916998177,361.88,18.44
771,109080,옵티시스,0.5386996293667692,2.3964875686941354,2.5845357895252907,1049.69,9.08
772,051390,와이더블유,0.5881408918909223,-4.1436820988886875,3.2118534278166297,261.56,57.88
773,232140,와이아이케이,0.23641493484804096,-0.0,3.940852371862002,455.04,24.41
774,155650,와이엠씨,0.2112868091542882,-0.0,1.2894470593083074,272.75,27.69
775,251370,와이엠티,-0.016947379090929898,-1.7028451094081418,4.356418621976609,185.23,104.11
776,079000,와토스 코리아,0.9224712401795735,-7.146532249536597,3.114193654087761,3935.88,4.35
777,215360,우리산업,0.13059317028587195,-1.7810607309648399,0.845848157386137,132.97,107.65
778,072470,우리산업홀딩스,0.00035827668912530726,-6.882997677928821,37.478796762418554,157.22,1.82
779,073560,우리손에프앤지 농업회사법인,-0.0039120218976334085,-1.1238288654257227,2.1436498455857387,153.95,52.97
780,101170,우림피티에스,0.4958307811670546,-0.0,1.0185077358176888,401.34,13.44
781,066590,우수AMS,-0.12352827552748492,-8.656920502110104,1.2126483036998534,76.67,105.58
782,046940,우원개발,-0.07384168392421105,0.40687151313252673,0.774910307000474,93.38,72.01
783,018620,우진비앤지,-0.15785152575738665,-0.0,3.1151776001576845,78.49,111.18
784,023800,인지컨트롤스보통주,-0.37816506082193774,-0.0,0.7053598036227131,69.32,103.48
785,234080,JW생명과학보통주,-0.09800337037197074,-1.340136451679269,1.6851780699150363,75.7,65.35
786,001390,KG케미칼보통주,-0.18241115429304058,0.04031687947974752,2.6100795605069824,48.48,76.43
787,025000,KPX케미칼보통주,0.7115397110036904,0.9142079417885932,0.5364806268560992,393.85,17.4
788,092230,KPX홀딩스보통주,0.459866154983407,1.4003186160672336,3.2655840934771496,368.02,10.26
789,021240,코웨이보통주,-0.10486524282770776,1.181904047397294,1.8645274490684263,66.86,95.61
